MaterialCode,MaterialDescription,Presentation,Retornability,ProductType,Brand,Packaging,Category,Flavor,Container,Size,DetailedSegment,NonCarbonated,BottlesBySKU,BasisMaterialCode,CUEquivalence,ConsumptionOccasion,EAN,ISSCOM
"4801","MONSTER ENERGY GREEN 473ML*6L ","MONSTER 473 ML NO RETORNABLE","NO RETORNABLE","CATEGORÍAS EN EXPANSIÓN","MONSTER","473 ML LATA","CATEGORÍAS EN EXPANSIÓN","GREEN","LATA","INDIVIDUAL","ENERGY",False,6,"3860",0.49979999999999281,"ENERGIZANTE REGULAR INDIVIDUAL ","1007084701235","A497054476"
"17374","MONSTER ENERGY ROSSI 473ML*6L","MONSTER 473 ML NO RETORNABLE","NO RETORNABLE","CATEGORÍAS EN EXPANSIÓN","MONSTER","473 ML LATA","CATEGORÍAS EN EXPANSIÓN","ROSSI","LATA","INDIVIDUAL","ENERGY",False,6,"3866",0.5,"ENERGIZANTE REGULAR INDIVIDUAL ","1007084702751","A9HF054476"
"17386","MONSTER E.U WATERMEL. 473ML*6L","MONSTER 473 ML NO RETORNABLE","NO RETORNABLE","CATEGORÍAS EN EXPANSIÓN","MONSTER","473 ML LATA","CATEGORÍAS EN EXPANSIÓN","SANDIA","LATA","INDIVIDUAL","ENERGY",False,6,"3867",0.5,"ENERGIZANTE REGULAR INDIVIDUAL ","1007084703123","AEQP054476"
"17257","MONSTER E.MANGO LOCO 473ML*6L ","MONSTER 473 ML NO RETORNABLE","NO RETORNABLE","CATEGORÍAS EN EXPANSIÓN","MONSTER","473 ML LATA","CATEGORÍAS EN EXPANSIÓN","MANGO","LATA","INDIVIDUAL","ENERGY",False,6,"3862",0.49980000000000729,"ENERGIZANTE REGULAR INDIVIDUAL ","1007084703475","ACWS054476"
"17296","MONSTER E.ULTRA PARAD 473ML*6L","MONSTER 473 ML NO RETORNABLE","NO RETORNABLE","CATEGORÍAS EN EXPANSIÓN","MONSTER","473 ML LATA","CATEGORÍAS EN EXPANSIÓN","PARADISE","LATA","INDIVIDUAL","ENERGY",False,6,"3864",0.49980000000000624,"ENERGIZANTE REGULAR INDIVIDUAL ","1007084703536","ACQJ054476"
"17312","MONSTER E.ULTRA SUNRI 473ML*6L","MONSTER 473 ML NO RETORNABLE","NO RETORNABLE","CATEGORÍAS EN EXPANSIÓN","MONSTER","473 ML LATA","CATEGORÍAS EN EXPANSIÓN","SUNRISE","LATA","INDIVIDUAL","ENERGY",False,6,"3865",0.49980000000000657,"ENERGIZANTE REGULAR INDIVIDUAL ","1007084703703","A9RI054476"
"17005","MONSTER ENERGY ULTRA 473ML*6L ","MONSTER 473 ML NO RETORNABLE","NO RETORNABLE","CATEGORÍAS EN EXPANSIÓN","MONSTER","473 ML LATA","CATEGORÍAS EN EXPANSIÓN","ULTRA","LATA","INDIVIDUAL","ENERGY",False,6,"3861",0.49980000000000852,"ENERGIZANTE LOW CAL INDIVIDUAL ","70847032861","AB28054476"
"9967","FANTA NARANJA S/A 10LTS BIB   ","COCA COLA 10000 ML NO RETORNABLE","NO RETORNABLE","REFRESCOS","COCA COLA","10000 ML BIB","REFRESCOS","COLA","BIB","FAMILIAR","SSD",False,1,"1145",11.271295922486852,"GASEOSA REGULAR FAMILIAR ","7790001001054","ABDK03A32W"
"7863","CHOPP HEINEKEN*30LTS          ","COCA COLA 10000 ML NO RETORNABLE","NO RETORNABLE","REFRESCOS","COCA COLA","10000 ML BIB","REFRESCOS","COLA","BIB","FAMILIAR","SSD",False,1,"8755",0.29999999999999999,"GASEOSA REGULAR FAMILIAR ","7790001001054","8511078511"
"7864","CHOPP HEINEKEN*50LTS          ","COCA COLA 10000 ML NO RETORNABLE","NO RETORNABLE","REFRESCOS","COCA COLA","10000 ML BIB","REFRESCOS","COLA","BIB","FAMILIAR","SSD",False,1,"8756",0.5,"GASEOSA REGULAR FAMILIAR ","7790001001054","8511078512"
"800","COCA-COLA 10LTS BIB","COCA COLA 10000 ML NO RETORNABLE","NO RETORNABLE","REFRESCOS","COCA COLA","10000 ML BIB","REFRESCOS","COLA","BIB","FAMILIAR","SSD",False,1,"143",11.271295924376776,"GASEOSA REGULAR FAMILIAR ","7790001001054","0001032457"
"9967","FANTA NARANJA S/A 10LTS BIB","COCA COLA 10000 ML NO RETORNABLE","NO RETORNABLE","REFRESCOS","COCA COLA","10000 ML BIB","REFRESCOS","COLA","BIB","FAMILIAR","SSD",False,1,"1145",9.5100000000000016,"GASEOSA REGULAR FAMILIAR ","7790001001054","AC5803A3WO"
"17385","FANTA LIMON DULCE 2L*8 RPET","FANTA 2000 ML RETORNABLE","RETORNABLE","REFRESCOS","FANTA","2000 ML RET PET","REFRESCOS","LIMON","RET PET","FAMILIAR","SSD",False,8,"1421",2.8179000000000118,"GASEOSA REGULAR FAMILIAR RETORNABLE","7790895000089","1564054377"
"17379","COCA-COLA 1500*8 RPET","COCA COLA 1500 ML RETORNABLE","RETORNABLE","REFRESCOS","COCA COLA","1500 ML RET PET","REFRESCOS","COLA","RET PET","FAMILIAR","SSD",False,8,"123",2.1099999999999999,"GASEOSA REGULAR FAMILIAR RETORNABLE","7790895000126","0001052144"
"14122","COCA-COLA 1500*12 RPET","COCA COLA 1500 ML RETORNABLE","RETORNABLE","REFRESCOS","COCA COLA","1500 ML RET PET","REFRESCOS","COLA","RET PET","FAMILIAR","SSD",False,12,"124",3.1701000000000037,"GASEOSA REGULAR FAMILIAR RETORNABLE","7790895000126","0001051874"
"17369","COCA-COLA LS 2000*8 RPET","COCA COLA 2000 ML RETORNABLE","RETORNABLE","REFRESCOS","COCA COLA","2000 ML RET PET","REFRESCOS","COLA","RET PET","FAMILIAR","SSD",False,8,"325",2.8178999999999998,"GASEOSA REGULAR FAMILIAR RETORNABLE","7790895000218","ABT5052151"
"7509","COCA-COLA 2000*8 RPET         ","COCA COLA 2000 ML RETORNABLE","RETORNABLE","REFRESCOS","COCA COLA","2000 ML RET PET","REFRESCOS","COLA","RET PET","FAMILIAR","SSD",False,8,"125",2.8178999981780697,"GASEOSA REGULAR FAMILIAR RETORNABLE","7790895000218","0001052151"
"17065","SPRITE LS 2.0L RP","SPRITE 2000 ML RETORNABLE","RETORNABLE","REFRESCOS","SPRITE","2000 ML RET PET","REFRESCOS","LIMA LIMON","RET PET","FAMILIAR","SSD",False,8,"2325",2.8178999999998777,"GASEOSA REGULAR FAMILIAR RETORNABLE","7790895000225","AC9D053238"
"7878","SPRITE 2000*8 REFPET          ","SPRITE 2000 ML RETORNABLE","RETORNABLE","REFRESCOS","SPRITE","2000 ML RET PET","REFRESCOS","LIMA LIMON","RET PET","FAMILIAR","SSD",False,8,"2025",2.8178999975535555,"GASEOSA REGULAR FAMILIAR RETORNABLE","7790895000225","0014052151"
"7914","COCA-COLA 354*6 LATAS         ","COCA COLA 354 ML NO RETORNABLE","NO RETORNABLE","REFRESCOS","COCA COLA","354 ML LATA","REFRESCOS","COLA","LATA","INDIVIDUAL","SSD",False,6,"173",0.37399999999227462,"GASEOSA REGULAR INDIVIDUAL ","7790895000232","0001053860"
"7939","FANTA NARANJA 354*6 LATAS     ","FANTA 354 ML NO RETORNABLE","NO RETORNABLE","REFRESCOS","FANTA","354 ML LATA","REFRESCOS","NARANJA","LATA","INDIVIDUAL","SSD",False,6,"1173",0.37410000001607363,"GASEOSA REGULAR INDIVIDUAL ","7790895000256","0232053860"
"7975","SPRITE 354* 6 LATAS           ","SPRITE 354 ML NO RETORNABLE","NO RETORNABLE","REFRESCOS","SPRITE","354 ML LATA","REFRESCOS","LIMA LIMON","LATA","INDIVIDUAL","SSD",False,6,"2073",0.37409999999534332,"GASEOSA REGULAR INDIVIDUAL ","7790895000270","0014053860"
"212","FANTA NARANJA 2L*8 RPET       ","FANTA 2000 ML RETORNABLE","RETORNABLE","REFRESCOS","FANTA","2000 ML RET PET","REFRESCOS","NARANJA","RET PET","FAMILIAR","SSD",False,8,"1125",2.8178310750747615,"GASEOSA REGULAR FAMILIAR RETORNABLE","7790895000331","0232052151"
"7513","COCA-COLA 1500*6 PET CT       ","COCA COLA 1500 ML NO RETORNABLE","NO RETORNABLE","REFRESCOS","COCA COLA","1500 ML PET","REFRESCOS","COLA","PET","FAMILIAR","SSD",False,6,"170",1.5851000000028339,"GASEOSA LOW CAL FAMILIAR ","7790895000430","0001053651"
"17310","COCA-COLA LS 1500*6 PET CT","COCA COLA 1500 ML NO RETORNABLE","NO RETORNABLE","REFRESCOS","COCA COLA","1500 ML PET","REFRESCOS","COLA","PET","FAMILIAR","SSD",False,6,"326",1.5850999999998998,"GASEOSA LOW CAL FAMILIAR ","7790895000430","ABT5053651"
"17071","SPRITE LS 1.5L NR 6PET        ","SPRITE 1500 ML NO RETORNABLE","NO RETORNABLE","REFRESCOS","SPRITE","1500 ML PET","REFRESCOS","LIMA LIMON","PET","FAMILIAR","SSD",False,6,"2321",1.5851000000000188,"GASEOSA LOW CAL FAMILIAR ","7790895000447","AC9D053676"
"7585","FANTA NARANJA 1500*6 PMP      ","FANTA 1500 ML NO RETORNABLE","NO RETORNABLE","REFRESCOS","FANTA","1500 ML PET","REFRESCOS","NARANJA","PET","FAMILIAR","SSD",False,6,"1190",1.5851000000016073,"GASEOSA REGULAR FAMILIAR ","7790895000454","0232053682"
"8065","CEPITA MANZANA 200*24TBR      ","CEPITA 200 ML NO RETORNABLE","NO RETORNABLE","CATEGORÍAS EN EXPANSIÓN","CEPITA","200 ML TETRA BRICK","CATEGORÍAS EN EXPANSIÓN","MANZANA","TETRA BRICK","INDIVIDUAL","RTD",True,24,"3892",0.84539999997464799,"JUGO REGULAR INDIVIDUAL ","7790895000720","A02G051395"
"8067","CEPITA MULTIFRUTA 200*24      ","CEPITA 200 ML NO RETORNABLE","NO RETORNABLE","CATEGORÍAS EN EXPANSIÓN","CEPITA","200 ML TETRA BRICK","CATEGORÍAS EN EXPANSIÓN","MULTI FRUTAS","TETRA BRICK","INDIVIDUAL","RTD",True,24,"3896",0.84539999949348676,"JUGO REGULAR INDIVIDUAL ","7790895000737","A1VH051395"
"488","COCA-COLA 500*12 PET CT","COCA COLA 500 ML NO RETORNABLE","NO RETORNABLE","REFRESCOS","COCA COLA","500 ML PET","REFRESCOS","COLA","PET","INDIVIDUAL","SSD",False,12,"107",1.0567000000359852,"GASEOSA REGULAR INDIVIDUAL ","7790895000782","0001053438"
"1073","SPRITE 500*12 PET","SPRITE 500 ML NO RETORNABLE","NO RETORNABLE","REFRESCOS","SPRITE","500 ML PET","REFRESCOS","LIMA LIMON","PET","INDIVIDUAL","SSD",False,12,"2007",1.0566999999737905,"GASEOSA LOW CAL INDIVIDUAL ","7790895000829","0014053681"
"17293","SPRITE LS 500ML NR 12PET","SPRITE 500 ML NO RETORNABLE","NO RETORNABLE","REFRESCOS","SPRITE","500 ML PET","REFRESCOS","LIMA LIMON","PET","INDIVIDUAL","SSD",False,12,"2010",1.0566999999737905,"GASEOSA LOW CAL INDIVIDUAL ","7790895000829","AC9D052073"
"7572","FANTA NARANJA 500*12PMP","FANTA 500 ML NO RETORNABLE","NO RETORNABLE","REFRESCOS","FANTA","500 ML PET","REFRESCOS","NARANJA","PET","INDIVIDUAL","SSD",False,12,"1107",1.0566999999816697,"GASEOSA REGULAR INDIVIDUAL ","7790895000836","0232053702"
"7937","FANTA NARANJA 500*6PMP","FANTA 500 ML NO RETORNABLE","NO RETORNABLE","REFRESCOS","FANTA","500 ML PET","REFRESCOS","NARANJA","PET","INDIVIDUAL","SSD",False,6,"1108",0.52834999998689525,"GASEOSA REGULAR INDIVIDUAL ","7790895000836","0232054193"
"7679","KIN SIN GAS 1500*6 PET        ","KIN 1500 ML NO RETORNABLE","NO RETORNABLE","AGUA PURIFICADA","KIN","1500 ML PET","AGUA PURIFICADA","CON GAS","PET","FAMILIAR","PW",True,6,"2690",1.585100000000002,"AGUA PLENA REGULAR FAMILIAR ","7790895000881","1688053682"
"7685","KIN CON GAS 2000*6 PET        ","KIN 2000 ML NO RETORNABLE","NO RETORNABLE","AGUA PURIFICADA","KIN","2000 ML PET","AGUA PURIFICADA","CON GAS","PET","FAMILIAR","PW",True,6,"2767",2.1133999997782937,"AGUA PLENA REGULAR FAMILIAR ","7790895000898","2420053686"
"4442","COCA-COLA S/A 250ML NR 12PET  ","COCA COLA SIN AZUCAR 250 ML NO RETORNABLE","NO RETORNABLE","REFRESCOS","COCA COLA SIN AZUCAR","250 ML PET","REFRESCOS","COLA","PET","INDIVIDUAL","SSD",False,12,"782",0.52829999999999622,"GASEOSA LOW CAL INDIVIDUAL ","7790895000935","ABBA054636"
"17059","COCA-COLA LS 2.25L NR 6PET    ","COCA COLA 2250 ML NO RETORNABLE","NO RETORNABLE","REFRESCOS","COCA COLA","2250 ML PET","REFRESCOS","COLA","PET","FAMILIAR","SSD",False,6,"327",2.3776000000000859,"GASEOSA LOW CAL FAMILIAR ","7790895000997","ABT5053688"
"7519","COCA-COLA 2250*6 PET CT       ","COCA COLA 2250 ML NO RETORNABLE","NO RETORNABLE","REFRESCOS","COCA COLA","2250 ML PET","REFRESCOS","COLA","PET","FAMILIAR","SSD",False,6,"195",2.3775999999973254,"GASEOSA LOW CAL FAMILIAR ","7790895000997","0001053659"
"7651","SPRITE 2250*6 PCT             ","SPRITE 2250 ML NO RETORNABLE","NO RETORNABLE","REFRESCOS","SPRITE","2250 ML PET","REFRESCOS","LIMA LIMON","PET","FAMILIAR","SSD",False,6,"2095",2.3775999999998652,"GASEOSA LOW CAL FAMILIAR ","7790895001000","0014053717"
"17072","SPRITE LS 2.25L NR 6PET       ","SPRITE 2250 ML NO RETORNABLE","NO RETORNABLE","REFRESCOS","SPRITE","2250 ML PET","REFRESCOS","LIMA LIMON","PET","FAMILIAR","SSD",False,6,"2327",2.3776000000000095,"GASEOSA LOW CAL FAMILIAR ","7790895001000","AC9D053717"
"7586","FANTA NARANJA 2250*6 PMP      ","FANTA 2250 ML NO RETORNABLE","NO RETORNABLE","REFRESCOS","FANTA","2250 ML PET","REFRESCOS","NARANJA","PET","FAMILIAR","SSD",False,6,"1195",2.3775999999975457,"GASEOSA REGULAR FAMILIAR ","7790895001017","0232053684"
"7548","COCA-COLA LIGHT 1500*6CT      ","COCA COLA LIGHT 1500 ML NO RETORNABLE","NO RETORNABLE","REFRESCOS","COCA COLA LIGHT","1500 ML PET","REFRESCOS","COLA","PET","FAMILIAR","SSD",False,6,"690",1.5850999999953608,"GASEOSA LOW CAL FAMILIAR ","7790895001451","1253053651"
"7502","COCA-COLA 1000*12 VR          ","COCA COLA 1000 ML RETORNABLE","RETORNABLE","REFRESCOS","COCA COLA","1000 ML RET VIDRIO","REFRESCOS","COLA","RET VIDRIO","FAMILIAR","SSD",False,12,"102",2.1133999999800315,"GASEOSA REGULAR FAMILIAR RETORNABLE","7790895001598","0001050266"
"17373","FANTA POMELO 250ML 12PET","FANTA 250 ML NO RETORNABLE","NO RETORNABLE","REFRESCOS","FANTA","250 ML PET","REFRESCOS","POMELO","PET","INDIVIDUAL","SSD",False,12,"1282",0.52829999999999999,"GASEOSA REGULAR INDIVIDUAL ","7790895002151","5486055589"
"9942","FANTA NARANJA S/AZUCAR 1.5*6P ","FANTA SIN AZUCAR 1500 ML NO RETORNABLE","NO RETORNABLE","REFRESCOS","FANTA SIN AZUCAR","1500 ML PET","REFRESCOS","NARANJA","PET","FAMILIAR","SSD",False,6,"1191",1.5850999999999977,"GASEOSA LOW CAL FAMILIAR ","7790895002304","ABDK053682"
"17295","FANTA NARANJA S/A 500*12PET","FANTA SIN AZUCAR 500 ML NO RETORNABLE","NO RETORNABLE","REFRESCOS","FANTA SIN AZUCAR","500 ML PET","REFRESCOS","NARANJA","PET","INDIVIDUAL","SSD",False,12,"1129",1.2681,"GASEOSA LOW CAL INDIVIDUAL ","7790895002335","ABDK053702"
"17044","COCA-COLA 375ML*6 PET         ","COCA COLA 375 ML NO RETORNABLE","NO RETORNABLE","REFRESCOS","COCA COLA","375 ML PET","REFRESCOS","COLA","PET","INDIVIDUAL","SSD",False,6,"118",0.40000000000000002,"GASEOSA REGULAR INDIVIDUAL ","7790895002656","000105A2SD"
"8262","COCA-COLA 375*12 PET CT       ","COCA COLA 375 ML NO RETORNABLE","NO RETORNABLE","REFRESCOS","COCA COLA","375 ML PET","REFRESCOS","COLA","PET","INDIVIDUAL","SSD",False,12,"116",0.79249999998383869,"GASEOSA REGULAR INDIVIDUAL ","7790895002656","0001057436"
"8161","AQUARIUS POMELO 2,25L*6       ","AQUARIUS 2250 ML NO RETORNABLE","NO RETORNABLE","CATEGORÍAS EN EXPANSIÓN","AQUARIUS","2250 ML PET","CATEGORÍAS EN EXPANSIÓN","POMELO","PET","FAMILIAR","FW",True,6,"4231",2.3776000001698163,"AGUA SABORIZADA REGULAR FAMILIAR ","7790895003288","A4B9053684"
"8163","AQUARIUS PERA 2,25L*6 PE      ","AQUARIUS 2250 ML NO RETORNABLE","NO RETORNABLE","CATEGORÍAS EN EXPANSIÓN","AQUARIUS","2250 ML PET","CATEGORÍAS EN EXPANSIÓN","PERA","PET","FAMILIAR","FW",True,6,"4233",2.3776000001959536,"AGUA SABORIZADA REGULAR FAMILIAR ","7790895003295","A4CA053684"
"8188","AQUARIUS MANZANA 2,25L*6 PE   ","AQUARIUS 2250 ML NO RETORNABLE","NO RETORNABLE","CATEGORÍAS EN EXPANSIÓN","AQUARIUS","2250 ML PET","CATEGORÍAS EN EXPANSIÓN","MANZANA","PET","FAMILIAR","FW",True,6,"4235",2.377600000246046,"AGUA SABORIZADA REGULAR FAMILIAR ","7790895003301","A4CB053684"
"8162","AQUARIUS NARANJA 2,25L*6 PET  ","AQUARIUS 2250 ML NO RETORNABLE","NO RETORNABLE","CATEGORÍAS EN EXPANSIÓN","AQUARIUS","2250 ML PET","CATEGORÍAS EN EXPANSIÓN","NARANJA","PET","FAMILIAR","FW",True,6,"4237",2.3776000001958719,"AGUA SABORIZADA REGULAR FAMILIAR ","7790895003325","A5V1053684"
"8089","KIN SIN GAS 500*15 VR         ","KIN 500 ML NO RETORNABLE","NO RETORNABLE","AGUA PURIFICADA","KIN","500 ML PET","AGUA PURIFICADA","SIN GAS","PET","INDIVIDUAL","PW",True,15,"2609",1.3209000006890532,"AGUA PLENA REGULAR INDIVIDUAL ","7790895003349","1688052121"
"8090","KIN CON GAS 500*15 VR         ","KIN 500 ML RETORNABLE","RETORNABLE","AGUA PURIFICADA","KIN","500 ML RET VIDRIO","AGUA PURIFICADA","CON GAS","RET VIDRIO","INDIVIDUAL","PW",True,15,"2709",1.3209000006202145,"AGUA PLENA REGULAR INDIVIDUAL RETORNABLE","7790895003356","2420052121"
"8189","AQUARIUS POM.ROSADO 0,5L*12PET","AQUARIUS 500 ML NO RETORNABLE","NO RETORNABLE","CATEGORÍAS EN EXPANSIÓN","AQUARIUS","500 ML PET","CATEGORÍAS EN EXPANSIÓN","POMELO ROSADO","PET","INDIVIDUAL","FW",True,12,"4212",1.0567000000093709,"AGUA SABORIZADA REGULAR INDIVIDUAL ","7790895004032","A68L053702"
"8190","AQUARIUS POM.ROSADO 1,5L*6 PET","AQUARIUS 1500 ML NO RETORNABLE","NO RETORNABLE","CATEGORÍAS EN EXPANSIÓN","AQUARIUS","1500 ML PET","CATEGORÍAS EN EXPANSIÓN","POMELO ROSADO","PET","FAMILIAR","FW",True,6,"4230",1.585000000808775,"AGUA SABORIZADA REGULAR FAMILIAR ","7790895004049","A68L053682"
"17066","SPRITE LS 2.5L RP","SPRITE 2500 ML RETORNABLE","RETORNABLE","REFRESCOS","SPRITE","2500 ML RET PET","REFRESCOS","LIMA LIMON","RET PET","FAMILIAR","SSD",False,8,"2330",3.5223000000000479,"GASEOSA REGULAR FAMILIAR RETORNABLE","7790895004384","AC9D055076"
"8069","SPRITE 2500*8 RPET            ","SPRITE 2500 ML RETORNABLE","RETORNABLE","REFRESCOS","SPRITE","2500 ML RET PET","REFRESCOS","LIMA LIMON","RET PET","FAMILIAR","SSD",False,8,"2030",3.5223000004596803,"GASEOSA REGULAR FAMILIAR RETORNABLE","7790895004384","0014052743"
"17388","SCHWEPPES TONICA 2250*6P","SCHWEPPES 2250 ML NO RETORNABLE","NO RETORNABLE","REFRESCOS","SCHWEPPES","2250 ML PET","REFRESCOS","TONICA","PET","FAMILIAR","SSD",False,6,"3175",2.3776000007962081,"GASEOSA REGULAR FAMILIAR ","7790895004667","4715053684"
"8234","CEPITA MANZANA 300*6 PET      ","CEPITA 300 ML NO RETORNABLE","NO RETORNABLE","CATEGORÍAS EN EXPANSIÓN","CEPITA","300 ML PET","CATEGORÍAS EN EXPANSIÓN","MANZANA","PET","INDIVIDUAL","RTD",True,6,"3843",0.31700000003776108,"JUGO REGULAR INDIVIDUAL ","7790895004926","A8KD056775"
"8235","CEPITA MANZANA 1.5*4 PET      ","CEPITA 1500 ML NO RETORNABLE","NO RETORNABLE","CATEGORÍAS EN EXPANSIÓN","CEPITA","1500 ML PET","CATEGORÍAS EN EXPANSIÓN","MANZANA","PET","FAMILIAR","RTD",True,4,"3848",1.056700000000008,"JUGO REGULAR FAMILIAR ","7790895004933","A8KD054103"
"8191","AQUARIUS POM.ROSADO 2,25L*6PET","AQUARIUS 2250 ML NO RETORNABLE","NO RETORNABLE","CATEGORÍAS EN EXPANSIÓN","AQUARIUS","2250 ML PET","CATEGORÍAS EN EXPANSIÓN","POMELO ROSADO","PET","FAMILIAR","FW",True,6,"4240",2.3776000000441244,"AGUA SABORIZADA REGULAR FAMILIAR ","7790895004971","A68L053684"
"7501","COCA-COLA 350*24 VR           ","COCA COLA 350 ML RETORNABLE","RETORNABLE","REFRESCOS","COCA COLA","350 ML RET VIDRIO","REFRESCOS","COLA","RET VIDRIO","INDIVIDUAL","SSD",False,24,"101",1.4794000031779444,"GASEOSA REGULAR INDIVIDUAL RETORNABLE","7790895005176","0001052037"
"7919","COCA-COLA LIGHT 2250*6 P      ","COCA COLA LIGHT 2250 ML NO RETORNABLE","NO RETORNABLE","REFRESCOS","COCA COLA LIGHT","2250 ML PET","REFRESCOS","COLA","PET","FAMILIAR","SSD",False,6,"695",2.3776000000031461,"GASEOSA LOW CAL FAMILIAR ","7790895005312","1253053659"
"751","COCA-COLA 2.5*6 PET CT","COCA COLA 2500 ML NO RETORNABLE","NO RETORNABLE","REFRESCOS","COCA COLA","2500 ML PET","REFRESCOS","COLA","PET","FAMILIAR","SSD",False,6,"180",2.6417000911664861,"GASEOSA REGULAR FAMILIAR ","7790895005794","0001053787"
"7503","COCA-COLA 1500*8 VR","COCA COLA 1500 ML RETORNABLE","RETORNABLE","REFRESCOS","COCA COLA","1500 ML RET VIDRIO","REFRESCOS","COLA","RET VIDRIO","FAMILIAR","SSD",False,8,"104",2.1099999999999999,"GASEOSA REGULAR FAMILIAR RETORNABLE","7790895005916","0001051873"
"8260","POWER.MOUNTAIN BLAST 995*6 PET","POWERADE 995 ML NO RETORNABLE","NO RETORNABLE","CATEGORÍAS EN EXPANSIÓN","POWERADE","995 ML PET","CATEGORÍAS EN EXPANSIÓN","MOUNTAIN BLAST","PET","INDIVIDUAL","ISO",True,6,"4075",1.051400000205569,"ISOTONICO REGULAR INDIVIDUAL ","7790895006029","060805A2AA"
"7877","FANTA MANZANA 2250*6 PMP      ","FANTA 2250 ML NO RETORNABLE","NO RETORNABLE","REFRESCOS","FANTA","2250 ML PET","REFRESCOS","MANZANA","PET","FAMILIAR","SSD",False,6,"1595",2.3776000007962081,"GASEOSA REGULAR FAMILIAR ","7790895006081","0202053684"
"8261","POWERADE FRUTAS TROP.995*6 PET","POWERADE 995 ML NO RETORNABLE","NO RETORNABLE","CATEGORÍAS EN EXPANSIÓN","POWERADE","995 ML PET","CATEGORÍAS EN EXPANSIÓN","FRUTOS TROPICALES","PET","INDIVIDUAL","ISO",True,6,"4079",1.0514000000905199,"ISOTONICO REGULAR INDIVIDUAL ","7790895006104","A5IH05A2AA"
"7523","COCA-COLA 3000*6 PET          ","COCA COLA 3000 ML NO RETORNABLE","NO RETORNABLE","REFRESCOS","COCA COLA","3000 ML PET","REFRESCOS","COLA","PET","FAMILIAR","SSD",False,6,"201",3.1701000000161725,"GASEOSA LOW CAL FAMILIAR ","7790895006418","0001050039"
"17058","COCA-COLA LS 3.0L NR 6PET     ","COCA COLA 3000 ML NO RETORNABLE","NO RETORNABLE","REFRESCOS","COCA COLA","3000 ML PET","REFRESCOS","COLA","PET","FAMILIAR","SSD",False,6,"331",3.1700999999999055,"GASEOSA LOW CAL FAMILIAR ","7790895006418","ABT5050039"
"7707","SCHWEPPES TONICA 1500*8P      ","SCHWEPPES 1500 ML NO RETORNABLE","NO RETORNABLE","REFRESCOS","SCHWEPPES","1500 ML PET","REFRESCOS","TONICA","PET","FAMILIAR","SSD",False,8,"3158",2.1133999999999999,"GASEOSA REGULAR FAMILIAR ","7790895006715","4715051872"
"7973","SCHWEPPES TONICA 354*6L       ","SCHWEPPES 354 ML NO RETORNABLE","NO RETORNABLE","REFRESCOS","SCHWEPPES","354 ML LATA","REFRESCOS","TONICA","LATA","INDIVIDUAL","SSD",False,6,"3173",0.37409999995577659,"GASEOSA REGULAR INDIVIDUAL ","7790895006821","4715053860"
"401","COCA-COLA 600*12 PET CT       ","COCA COLA 600 ML NO RETORNABLE","NO RETORNABLE","REFRESCOS","COCA COLA","600 ML PET","REFRESCOS","COLA","PET","INDIVIDUAL","SSD",False,12,"117",1.2681000000818907,"GASEOSA REGULAR INDIVIDUAL ","7790895006968","0001053998"
"404","COCA-COLA LIGHT 600*12 PET CT ","COCA COLA LIGHT 600 ML NO RETORNABLE","NO RETORNABLE","REFRESCOS","COCA COLA LIGHT","600 ML PET","REFRESCOS","COLA","PET","INDIVIDUAL","SSD",False,12,"617",1.2681000000000053,"GASEOSA LOW CAL INDIVIDUAL ","7790895006975","1253053998"
"17069","SPRITE LS 600ML NR 12PET      ","SPRITE 600 ML NO RETORNABLE","NO RETORNABLE","REFRESCOS","SPRITE","600 ML PET","REFRESCOS","LIMA LIMON","PET","INDIVIDUAL","SSD",False,12,"2317",1.2680000000000096,"GASEOSA LOW CAL INDIVIDUAL ","7790895007439","AC9D053823"
"8068","SODA AYBAL 500*15 VR          ","AYBAL 500 ML RETORNABLE","RETORNABLE","AGUA PURIFICADA","AYBAL","500 ML RET VIDRIO","AGUA PURIFICADA","CON GAS","RET VIDRIO","INDIVIDUAL","PW",False,15,"2815",1.3209000004954428,"AGUA PLENA REGULAR INDIVIDUAL RETORNABLE","7790895007507","5569052121"
"9934","COCA-COLA S/AZUCAR 375*6 PET  ","COCA COLA SIN AZUCAR 375 ML NO RETORNABLE","NO RETORNABLE","REFRESCOS","COCA COLA SIN AZUCAR","375 ML PET","REFRESCOS","COLA","PET","INDIVIDUAL","SSD",False,6,"668",0.39630000000001264,"GASEOSA LOW CAL INDIVIDUAL ","7790895008108","ABBA05A2SD"
"8198","AQUARIUS LIMONADA 0,5L*12PET  ","AQUARIUS 500 ML NO RETORNABLE","NO RETORNABLE","CATEGORÍAS EN EXPANSIÓN","AQUARIUS","500 ML PET","CATEGORÍAS EN EXPANSIÓN","LIMON","PET","INDIVIDUAL","FW",True,12,"4214",1.0566999999873248,"AGUA SABORIZADA REGULAR INDIVIDUAL ","7790895008481","A9Q6053702"
"8199","AQUARIUS LIMONADA 1,5L*6 PET  ","AQUARIUS 1500 ML NO RETORNABLE","NO RETORNABLE","CATEGORÍAS EN EXPANSIÓN","AQUARIUS","1500 ML PET","CATEGORÍAS EN EXPANSIÓN","LIMON","PET","FAMILIAR","FW",True,6,"4226",1.5850000005816711,"AGUA SABORIZADA REGULAR FAMILIAR ","7790895008498","A9Q6053682"
"8200","AQUARIUS LIMONADA 2,25L*6 PET ","AQUARIUS 2250 ML NO RETORNABLE","NO RETORNABLE","CATEGORÍAS EN EXPANSIÓN","AQUARIUS","2250 ML PET","CATEGORÍAS EN EXPANSIÓN","LIMON","PET","FAMILIAR","FW",True,6,"4236",2.3776000001136328,"AGUA SABORIZADA REGULAR FAMILIAR ","7790895008504","A9Q6053684"
"8422","CEPITA NARANJA 1.0L*6PET      ","CEPITA 1000 ML NO RETORNABLE","NO RETORNABLE","CATEGORÍAS EN EXPANSIÓN","CEPITA","1000 ML PET","CATEGORÍAS EN EXPANSIÓN","NARANJA","PET","FAMILIAR","RTD",True,6,"3850",1.0567000000000051,"JUGO REGULAR FAMILIAR ","7790895009815","A4DG053752"
"8423","CEPITA DURAZNO 1.0L*6PET      ","CEPITA 1000 ML NO RETORNABLE","NO RETORNABLE","CATEGORÍAS EN EXPANSIÓN","CEPITA","1000 ML PET","CATEGORÍAS EN EXPANSIÓN","DURAZNO","PET","FAMILIAR","RTD",True,6,"3852",1.0567000000000186,"JUGO REGULAR FAMILIAR ","7790895009846","A5PR053752"
"8299","POWERADE POMELO ZERO 0,5*6 PET","POWERADE 500 ML NO RETORNABLE","NO RETORNABLE","CATEGORÍAS EN EXPANSIÓN","POWERADE","500 ML PET","CATEGORÍAS EN EXPANSIÓN","POMELO","PET","INDIVIDUAL","ISO",True,6,"4065",0.52839999999999998,"ISOTONICO LOW CAL INDIVIDUAL ","7790895010033","AAHW054193"
"17009","SCHWEPPES POMELO S/A 600*6P   ","SCHWEPPES 600 ML NO RETORNABLE","NO RETORNABLE","REFRESCOS","SCHWEPPES","600 ML PET","REFRESCOS","POMELO","PET","INDIVIDUAL","SSD",False,6,"3034",0.63429999999999997,"GASEOSA LOW CAL INDIVIDUAL ","7790895010071","AC20055343"
"8337","SCHWEPPES POMELO ZERO 2250*6P ","SCHWEPPES 2250 ML NO RETORNABLE","NO RETORNABLE","REFRESCOS","SCHWEPPES","2250 ML PET","REFRESCOS","POMELO","PET","FAMILIAR","SSD",False,6,"3032",2.3775999999999895,"GASEOSA LOW CAL FAMILIAR ","7790895010095","AC20053688"
"4583","SCHWEPPES POM S/AZ 354*6 LAT  ","SCHWEPPES SIN AZUCAR 354 ML NO RETORNABLE","NO RETORNABLE","REFRESCOS","SCHWEPPES SIN AZUCAR","354 ML LATA","REFRESCOS","POMELO","LATA","INDIVIDUAL","SSD",False,6,"3033",0.37400000000000005,"GASEOSA LOW CAL INDIVIDUAL ","7790895010101","AC20053974"
"8379","SPRITE S/AZUCAR 3000*6 PSW    ","SPRITE SIN AZUCAR 3000 ML NO RETORNABLE","NO RETORNABLE","REFRESCOS","SPRITE SIN AZUCAR","3000 ML PET","REFRESCOS","LIMA LIMON","PET","FAMILIAR","SSD",False,6,"2122",3.1701000000000015,"GASEOSA LOW CAL FAMILIAR ","7790895011474","ABL7056812"
"17052","FANTA NARANJA 375*12 PET      ","FANTA 375 ML NO RETORNABLE","NO RETORNABLE","REFRESCOS","FANTA","375 ML PET","REFRESCOS","NARANJA","PET","INDIVIDUAL","SSD",False,12,"1119",0.79249999999998977,"GASEOSA REGULAR INDIVIDUAL ","7790895011559","023205A3RO"
"8352","FANTA NARANJA 375*6 PET","FANTA 375 ML NO RETORNABLE","NO RETORNABLE","REFRESCOS","FANTA","375 ML PET","REFRESCOS","NARANJA","PET","INDIVIDUAL","SSD",False,6,"1118",0.39630000000000309,"GASEOSA REGULAR INDIVIDUAL ","7790895011559","023205A3SO"
"8351","SPRITE S/A 375*12 PET         ","SPRITE SIN AZUCAR 375 ML NO RETORNABLE","NO RETORNABLE","REFRESCOS","SPRITE SIN AZUCAR","375 ML PET","REFRESCOS","LIMA LIMON","PET","INDIVIDUAL","SSD",False,12,"2016",0.79249999999999621,"GASEOSA LOW CAL INDIVIDUAL ","7790895012204","ABL7059088"
"17068","SPRITE LS 375ML NR 12PET      ","SPRITE 375 ML NO RETORNABLE","NO RETORNABLE","REFRESCOS","SPRITE","375 ML PET","REFRESCOS","LIMA LIMON","PET","INDIVIDUAL","SSD",False,12,"2315",0.79249999999997367,"GASEOSA LOW CAL INDIVIDUAL ","7790895012471","AC9D059088"
"17067","SPRITE LS 375ML NR 6PET","SPRITE 375 ML NO RETORNABLE","NO RETORNABLE","REFRESCOS","SPRITE","375 ML PET","REFRESCOS","LIMA LIMON","PET","INDIVIDUAL","SSD",False,6,"2319",0.39630000000000309,"GASEOSA LOW CAL INDIVIDUAL ","7790895012471","AC9D05A3SN"
"17002","SPRITE 375*12 PET             ","SPRITE 375 ML NO RETORNABLE","NO RETORNABLE","REFRESCOS","SPRITE","375 ML PET","REFRESCOS","LIMA LIMON","PET","INDIVIDUAL","SSD",False,12,"2015",0.79249999999999698,"GASEOSA LOW CAL INDIVIDUAL ","7790895012471","0014059088"
"7637","SPRITE 1500*8 VR              ","SPRITE 1500 ML RETORNABLE","RETORNABLE","REFRESCOS","SPRITE","1500 ML RET VIDRIO","REFRESCOS","LIMA LIMON","RET VIDRIO","FAMILIAR","SSD",False,8,"2004",2.1134000000000088,"GASEOSA REGULAR FAMILIAR RETORNABLE","7790895062964","0014051873"
"7569","FANTA NARANJA 1500*8 VR       ","FANTA 1500 ML RETORNABLE","RETORNABLE","REFRESCOS","FANTA","1500 ML RET VIDRIO","REFRESCOS","NARANJA","RET VIDRIO","FAMILIAR","SSD",False,8,"1104",2.113399999999952,"GASEOSA REGULAR FAMILIAR RETORNABLE","7790895062971","0232051873"
"546","SPRITE 1000*12 VR             ","SPRITE 1000 ML RETORNABLE","RETORNABLE","REFRESCOS","SPRITE","1000 ML RET VIDRIO","REFRESCOS","LIMA LIMON","RET VIDRIO","FAMILIAR","SSD",False,12,"2002",2.113399998752659,"GASEOSA REGULAR FAMILIAR RETORNABLE","7790895063022","0014050266"
"8380","FANTA NARANJA 600*12PET       ","FANTA 600 ML NO RETORNABLE","NO RETORNABLE","REFRESCOS","FANTA","600 ML PET","REFRESCOS","NARANJA","PET","INDIVIDUAL","SSD",False,12,"1117",1.2680999999999831,"GASEOSA REGULAR INDIVIDUAL ","7790895063091","0232054317"
"4430","COCA-COLA 250ML NR PET 12B    ","COCA COLA 250 ML NO RETORNABLE","NO RETORNABLE","REFRESCOS","COCA COLA","250 ML PET","REFRESCOS","COLA","PET","INDIVIDUAL","SSD",False,12,"182",0.52830000000001431,"GASEOSA REGULAR INDIVIDUAL ","7790895063855","0001054636"
"507","FANTA NARANJA 3000*6 PSW      ","FANTA 3000 ML NO RETORNABLE","NO RETORNABLE","REFRESCOS","FANTA","3000 ML PET","REFRESCOS","NARANJA","PET","FAMILIAR","SSD",False,6,"1121",3.1700999999817281,"GASEOSA REGULAR FAMILIAR ","7790895064111","0232050039"
"509","SPRITE 3000*6 PSW             ","SPRITE 3000 ML NO RETORNABLE","NO RETORNABLE","REFRESCOS","SPRITE","3000 ML PET","REFRESCOS","LIMA LIMON","PET","FAMILIAR","SSD",False,6,"2121",3.1700999999769137,"GASEOSA LOW CAL FAMILIAR ","7790895064128","0014050039"
"17073","SPRITE LS 3.0L NR 6PET        ","SPRITE 3000 ML NO RETORNABLE","NO RETORNABLE","REFRESCOS","SPRITE","3000 ML PET","REFRESCOS","LIMA LIMON","PET","FAMILIAR","SSD",False,6,"2331",3.1701000000000175,"GASEOSA LOW CAL FAMILIAR ","7790895064128","AC9D056812"
"17294","SPRITE S/A 500*12PET","SPRITE SIN AZUCAR 500 ML NO RETORNABLE","NO RETORNABLE","REFRESCOS","SPRITE SIN AZUCAR","500 ML PET","REFRESCOS","LIMA LIMON","PET","INDIVIDUAL","SSD",False,12,"2020",1.0566999999737905,"GASEOSA LOW CAL INDIVIDUAL ","7790895064142","ABL7052073"
"8381","SPRITE S/A 600*12PET          ","SPRITE 600 ML NO RETORNABLE","NO RETORNABLE","REFRESCOS","SPRITE","600 ML PET","REFRESCOS","LIMA LIMON","PET","INDIVIDUAL","SSD",False,12,"2017",1.2680000000000127,"GASEOSA LOW CAL INDIVIDUAL ","7790895064159","ABL7053823"
"8378","SPRITE S/AZUCAR 2250*6 PCT    ","SPRITE SIN AZUCAR 2250 ML NO RETORNABLE","NO RETORNABLE","REFRESCOS","SPRITE SIN AZUCAR","2250 ML PET","REFRESCOS","LIMA LIMON","PET","FAMILIAR","SSD",False,6,"2096",2.3775999999999771,"GASEOSA LOW CAL FAMILIAR ","7790895064166","ABL7053717"
"8377","SPRITE S/A 1500*6 PCT         ","SPRITE SIN AZUCAR 1500 ML NO RETORNABLE","NO RETORNABLE","REFRESCOS","SPRITE SIN AZUCAR","1500 ML PET","REFRESCOS","LIMA LIMON","PET","FAMILIAR","SSD",False,6,"2091",1.5850999999999911,"GASEOSA LOW CAL FAMILIAR ","7790895064173","ABL7053676"
"8016","SPRITE ZERO 350*24 VR         ","SPRITE 350 ML RETORNABLE","RETORNABLE","REFRESCOS","SPRITE","350 ML RET VIDRIO","REFRESCOS","LIMA LIMON","RET VIDRIO","INDIVIDUAL","SSD",False,24,"2201",1.4794000002776539,"GASEOSA LOW CAL INDIVIDUAL RETORNABLE","7790895064210","5925053903"
"7761","CEPITA NARANJA 1000*06TB      ","CEPITA 1000 ML NO RETORNABLE","NO RETORNABLE","CATEGORÍAS EN EXPANSIÓN","CEPITA","1000 ML TETRA BRICK","CATEGORÍAS EN EXPANSIÓN","NARANJA","TETRA BRICK","FAMILIAR","RTD",True,6,"3911",1.0567000000027076,"JUGO REGULAR FAMILIAR ","7790895064333","A02H052497"
"7763","CEPITA MANZANA 1000*06TB      ","CEPITA 1000 ML NO RETORNABLE","NO RETORNABLE","CATEGORÍAS EN EXPANSIÓN","CEPITA","1000 ML TETRA BRICK","CATEGORÍAS EN EXPANSIÓN","MANZANA","TETRA BRICK","FAMILIAR","RTD",True,6,"3913",1.0567000000098226,"JUGO REGULAR FAMILIAR ","7790895064340","A02G052497"
"7767","CEPITA MULTIFRUTA 1000*06TB   ","CEPITA 1000 ML NO RETORNABLE","NO RETORNABLE","CATEGORÍAS EN EXPANSIÓN","CEPITA","1000 ML TETRA BRICK","CATEGORÍAS EN EXPANSIÓN","MULTI FRUTAS","TETRA BRICK","FAMILIAR","RTD",True,6,"3917",1.0567000003137237,"JUGO REGULAR FAMILIAR ","7790895065217","A1VH052497"
"7915","COCA-COLA 20LTS.BIB           ","COCA COLA 20000 ML NO RETORNABLE","NO RETORNABLE","REFRESCOS","COCA COLA","20000 ML BIB","REFRESCOS","COLA","BIB","FAMILIAR","SSD",False,1,"145",22.542999999999999,"GASEOSA REGULAR FAMILIAR ","7790895065712","0001030298"
"17292","COCA-COLA S/AZUCAR 500*12 PET","COCA COLA SIN AZUCAR 500 ML NO RETORNABLE","NO RETORNABLE","REFRESCOS","COCA COLA SIN AZUCAR","500 ML PET","REFRESCOS","COLA","PET","INDIVIDUAL","SSD",False,12,"669",1.057589475408679,"GASEOSA LOW CAL INDIVIDUAL ","7790895067532","ABBA053438"
"9928","COCA-COLA S/AZUCAR 600*12 PET ","COCA COLA SIN AZUCAR 600 ML NO RETORNABLE","NO RETORNABLE","REFRESCOS","COCA COLA SIN AZUCAR","600 ML PET","REFRESCOS","COLA","PET","INDIVIDUAL","SSD",False,12,"667",1.2680999999999794,"GASEOSA LOW CAL INDIVIDUAL ","7790895067549","ABBA053998"
"9932","COCA-COLA S/AZUCAR 1500*6CT   ","COCA COLA SIN AZUCAR 1500 ML NO RETORNABLE","NO RETORNABLE","REFRESCOS","COCA COLA SIN AZUCAR","1500 ML PET","REFRESCOS","COLA","PET","FAMILIAR","SSD",False,6,"662",1.5851000000000146,"GASEOSA LOW CAL FAMILIAR ","7790895067556","ABBA053651"
"9933","COCA-COLA S/AZUCAR 2250*6 PC  ","COCA COLA SIN AZUCAR 2250 ML NO RETORNABLE","NO RETORNABLE","REFRESCOS","COCA COLA SIN AZUCAR","2250 ML PET","REFRESCOS","COLA","PET","FAMILIAR","SSD",False,6,"665",2.3775999999999882,"GASEOSA LOW CAL FAMILIAR ","7790895067570","ABBA053659"
"4803","COCA-COLA S/AZUCAR 354*6 LATAS","COCA COLA SIN AZUCAR 354 ML NO RETORNABLE","NO RETORNABLE","REFRESCOS","COCA COLA SIN AZUCAR","354 ML LATA","REFRESCOS","COLA","LATA","INDIVIDUAL","SSD",False,6,"773",0.37409999999999943,"GASEOSA LOW CAL INDIVIDUAL ","7790895067587","ABBA053974"
"4308","COCA-COLA S/AZUCAR 350*24VR   ","COCA COLA SIN AZUCAR 350 ML RETORNABLE","RETORNABLE","REFRESCOS","COCA COLA SIN AZUCAR","350 ML RET VIDRIO","REFRESCOS","COLA","RET VIDRIO","INDIVIDUAL","SSD",False,24,"701",1.4794000000000087,"GASEOSA LOW CAL INDIVIDUAL RETORNABLE","7790895067600","ABBA053735"
"4305","COCA-COLA S/AZUCAR 2.0*8 RP   ","COCA COLA SIN AZUCAR 2000 ML RETORNABLE","RETORNABLE","REFRESCOS","COCA COLA SIN AZUCAR","2000 ML RET PET","REFRESCOS","COLA","RET PET","FAMILIAR","SSD",False,8,"725",2.817899999999808,"GASEOSA LOW CAL FAMILIAR RETORNABLE","7790895067617","ABBA053215"
"7636","SPRITE 350*24 VR              ","SPRITE 350 ML RETORNABLE","RETORNABLE","REFRESCOS","SPRITE","350 ML RET VIDRIO","REFRESCOS","LIMA LIMON","RET VIDRIO","INDIVIDUAL","SSD",False,24,"2001",1.4794000040092141,"GASEOSA REGULAR INDIVIDUAL RETORNABLE","7790895067693","0014052037"
"7568","FANTA NARANJA 350*24 VR       ","FANTA 350 ML RETORNABLE","RETORNABLE","REFRESCOS","FANTA","350 ML RET VIDRIO","REFRESCOS","NARANJA","RET VIDRIO","INDIVIDUAL","SSD",False,24,"1101",1.4794000065016546,"GASEOSA REGULAR INDIVIDUAL RETORNABLE","7790895067709","0232052037"
"545","FANTA NARANJA 1000*12 VR      ","FANTA 1000 ML RETORNABLE","RETORNABLE","REFRESCOS","FANTA","1000 ML RET VIDRIO","REFRESCOS","NARANJA","RET VIDRIO","FAMILIAR","SSD",False,12,"1102",2.1134000015113985,"GASEOSA REGULAR FAMILIAR RETORNABLE","7790895067716","0232050266"
"4802","COCA-COLA S/AZUCAR 10LT BIB   ","COCA COLA SIN AZUCAR 10000 ML NO RETORNABLE","NO RETORNABLE","REFRESCOS","COCA COLA SIN AZUCAR","10000 ML BIB","REFRESCOS","COLA","BIB","FAMILIAR","SSD",False,1,"645",11.271295922486873,"GASEOSA LOW CAL FAMILIAR ","7790895067983","ABBA032457"
"8101","SPRITE 2500*6 PCT","SPRITE 2500 ML NO RETORNABLE","NO RETORNABLE","REFRESCOS","SPRITE","2500 ML PET","REFRESCOS","LIMA LIMON","PET","FAMILIAR","SSD",False,6,"2080",2.6417000000530639,"GASEOSA REGULAR FAMILIAR ","7790895068027","0014054431"
"9936","COCA-COLA S/AZUCAR 2.5*6 PET  ","COCA COLA SIN AZUCAR 2500 ML NO RETORNABLE","NO RETORNABLE","REFRESCOS","COCA COLA SIN AZUCAR","2500 ML PET","REFRESCOS","COLA","PET","FAMILIAR","SSD",False,6,"660",2.6417000000000281,"GASEOSA LOW CAL FAMILIAR ","7790895068096","ABBA053787"
"483","COCA-COLA 2500*8 RPET         ","COCA COLA 2500 ML RETORNABLE","RETORNABLE","REFRESCOS","COCA COLA","2500 ML RET PET","REFRESCOS","COLA","RET PET","FAMILIAR","SSD",False,8,"130",3.5223366185414875,"GASEOSA REGULAR FAMILIAR RETORNABLE","7790895068164","0001054673"
"4306","COCA-COLA S/AZUCAR 1500*8 VR  ","COCA COLA SIN AZUCAR 1500 ML RETORNABLE","RETORNABLE","REFRESCOS","COCA COLA SIN AZUCAR","1500 ML RET VIDRIO","REFRESCOS","COLA","RET VIDRIO","FAMILIAR","SSD",False,8,"704",2.1134000000000399,"GASEOSA LOW CAL FAMILIAR RETORNABLE","7790895639937","ABBA056553"
"4307","COCA-COLA S/AZUCAR 2500*8 RPET","COCA COLA SIN AZUCAR 2500 ML NO RETORNABLE","NO RETORNABLE","REFRESCOS","COCA COLA SIN AZUCAR","2500 ML RET PET","REFRESCOS","COLA","RET PET","FAMILIAR","SSD",False,8,"730",3.5223366185414875,"GASEOSA LOW CAL FAMILIAR RETORNABLE","7790895639951","ABBA055066"
"7810","POWERADE MANZANA 0,5L*6 PET   ","POWERADE 500 ML NO RETORNABLE","NO RETORNABLE","CATEGORÍAS EN EXPANSIÓN","POWERADE","500 ML PET","CATEGORÍAS EN EXPANSIÓN","MANZANA","PET","INDIVIDUAL","ISO",True,6,"4053",0.52840000001673559,"ISOTONICO REGULAR INDIVIDUAL ","7790895640018","A3NA054193"
"7811","POWER.MOUNTAIN BLAST 0,5*6 PE ","POWERADE 500 ML NO RETORNABLE","NO RETORNABLE","CATEGORÍAS EN EXPANSIÓN","POWERADE","500 ML PET","CATEGORÍAS EN EXPANSIÓN","MOUNTAIN BLAST","PET","INDIVIDUAL","ISO",True,6,"4055",0.52840000014482225,"ISOTONICO REGULAR INDIVIDUAL ","7790895640025","0608054193"
"7809","POWERADE NARANJA 0,5L*6 PET   ","POWERADE 500 ML NO RETORNABLE","NO RETORNABLE","CATEGORÍAS EN EXPANSIÓN","POWERADE","500 ML PET","CATEGORÍAS EN EXPANSIÓN","NARANJA","PET","INDIVIDUAL","ISO",True,6,"4051",0.52839999930467785,"ISOTONICO REGULAR INDIVIDUAL ","7790895640032","7060054193"
"8130","CEPITA ND NARANJA MIX 1000*06 ","CEPITA 1000 ML NO RETORNABLE","NO RETORNABLE","CATEGORÍAS EN EXPANSIÓN","CEPITA","1000 ML TETRA BRICK","CATEGORÍAS EN EXPANSIÓN","NARANJA","TETRA BRICK","FAMILIAR","RTD",True,6,"3984",1.0566999999771904,"JUGO REGULAR FAMILIAR ","7790895640247","A4DG052497"
"2475","FANTA NARANJA 2500*8 RPE      ","FANTA 2500 ML RETORNABLE","RETORNABLE","REFRESCOS","FANTA","2500 ML RET PET","REFRESCOS","NARANJA","RET PET","FAMILIAR","SSD",False,8,"1130",3.5223349122922776,"GASEOSA REGULAR FAMILIAR RETORNABLE","7790895640261","0232055066"
"8029","AQUARIUS PERA 0,5L*12PET      ","AQUARIUS 500 ML NO RETORNABLE","NO RETORNABLE","CATEGORÍAS EN EXPANSIÓN","AQUARIUS","500 ML PET","CATEGORÍAS EN EXPANSIÓN","PERA","PET","INDIVIDUAL","FW",True,12,"4204",1.0566999999793236,"AGUA SABORIZADA REGULAR INDIVIDUAL ","7790895640445","A4CA052073"
"8031","AQUARIUS MANZANA 0,5L*12PET   ","AQUARIUS 500 ML NO RETORNABLE","NO RETORNABLE","CATEGORÍAS EN EXPANSIÓN","AQUARIUS","500 ML PET","CATEGORÍAS EN EXPANSIÓN","MANZANA","PET","INDIVIDUAL","FW",True,12,"4206",1.056699999965613,"AGUA SABORIZADA REGULAR INDIVIDUAL ","7790895640452","A4CB052073"
"8027","AQUARIUS POMELO 0,5L*12PET    ","AQUARIUS 500 ML NO RETORNABLE","NO RETORNABLE","CATEGORÍAS EN EXPANSIÓN","AQUARIUS","500 ML PET","CATEGORÍAS EN EXPANSIÓN","POMELO","PET","INDIVIDUAL","FW",True,12,"4202",1.0566999999555733,"AGUA SABORIZADA REGULAR INDIVIDUAL ","7790895640469","A4B9053702"
"8033","AQUARIUS PERA 1,5L*6 PET      ","AQUARIUS 1500 ML NO RETORNABLE","NO RETORNABLE","CATEGORÍAS EN EXPANSIÓN","AQUARIUS","1500 ML PET","CATEGORÍAS EN EXPANSIÓN","PERA","PET","FAMILIAR","FW",True,6,"4223",1.5850000011244889,"AGUA SABORIZADA REGULAR FAMILIAR ","7790895640476","A4CA052085"
"8034","AQUARIUS MANZANA 1,5L*6 PET   ","AQUARIUS 1500 ML NO RETORNABLE","NO RETORNABLE","CATEGORÍAS EN EXPANSIÓN","AQUARIUS","1500 ML PET","CATEGORÍAS EN EXPANSIÓN","MANZANA","PET","FAMILIAR","FW",True,6,"4225",1.5850000006729821,"AGUA SABORIZADA REGULAR FAMILIAR ","7790895640483","A4CB052085"
"8032","AQUARIUS POMELO 1,5L*6 PET    ","AQUARIUS 1500 ML NO RETORNABLE","NO RETORNABLE","CATEGORÍAS EN EXPANSIÓN","AQUARIUS","1500 ML PET","CATEGORÍAS EN EXPANSIÓN","POMELO","PET","FAMILIAR","FW",True,6,"4221",1.5850000005965927,"AGUA SABORIZADA REGULAR FAMILIAR ","7790895640490","A4B9052085"
"8024","POWERADE FRUTAS TROP.0,5L*6 P ","POWERADE 500 ML NO RETORNABLE","NO RETORNABLE","CATEGORÍAS EN EXPANSIÓN","POWERADE","500 ML PET","CATEGORÍAS EN EXPANSIÓN","FRUTOS TROPICALES","PET","INDIVIDUAL","ISO",True,6,"4059",0.52840000018493982,"ISOTONICO REGULAR INDIVIDUAL ","7790895641183","A5IH052507"
"8080","AQUARIUS NARANJA 0,5L*12PET   ","AQUARIUS 500 ML NO RETORNABLE","NO RETORNABLE","CATEGORÍAS EN EXPANSIÓN","AQUARIUS","500 ML PET","CATEGORÍAS EN EXPANSIÓN","NARANJA","PET","INDIVIDUAL","FW",True,12,"4208",1.0566999999719009,"AGUA SABORIZADA REGULAR INDIVIDUAL ","7790895641213","A5V1052073"
"8081","AQUARIUS NARANJA 1,5L*6 PET   ","AQUARIUS 1500 ML NO RETORNABLE","NO RETORNABLE","CATEGORÍAS EN EXPANSIÓN","AQUARIUS","1500 ML PET","CATEGORÍAS EN EXPANSIÓN","NARANJA","PET","FAMILIAR","FW",True,6,"4227",1.5850000006086673,"AGUA SABORIZADA REGULAR FAMILIAR ","7790895641237","A5V1052085"
"8169","CEPITA DURAZNO 1.5*4 PET      ","CEPITA 1500 ML NO RETORNABLE","NO RETORNABLE","CATEGORÍAS EN EXPANSIÓN","CEPITA","1500 ML PET","CATEGORÍAS EN EXPANSIÓN","DURAZNO","PET","FAMILIAR","RTD",True,4,"3847",1.0566999999999764,"JUGO REGULAR FAMILIAR ","7790895641534","A5PR054103"
"8166","CEPITA DURAZNO 300*6 PET      ","CEPITA 300 ML NO RETORNABLE","NO RETORNABLE","CATEGORÍAS EN EXPANSIÓN","CEPITA","300 ML PET","CATEGORÍAS EN EXPANSIÓN","DURAZNO","PET","INDIVIDUAL","RTD",True,6,"3842",0.31699999999603301,"JUGO REGULAR INDIVIDUAL ","7790895641541","A5PR056775"
"8064","CEPITA NARANJA 200*24TBR      ","CEPITA 200 ML NO RETORNABLE","NO RETORNABLE","CATEGORÍAS EN EXPANSIÓN","CEPITA","200 ML TETRA BRICK","CATEGORÍAS EN EXPANSIÓN","NARANJA","TETRA BRICK","INDIVIDUAL","RTD",True,24,"3890",0.84539999995082038,"JUGO REGULAR INDIVIDUAL ","7790895641596","A02H051395"
"17303","CEPITA NARANJA 25% 200*24TBR  ","CEPITA 200 ML NO RETORNABLE","NO RETORNABLE","CATEGORÍAS EN EXPANSIÓN","CEPITA","200 ML TETRA BRICK","CATEGORÍAS EN EXPANSIÓN","NARANJA","TETRA BRICK","INDIVIDUAL","RTD",True,24,"3998",0.84540000020959305,"JUGO REGULAR INDIVIDUAL ","7790895641596","A4DG051395"
"17070","SPRITE LS 250ML NR 12PET      ","SPRITE 250 ML NO RETORNABLE","NO RETORNABLE","REFRESCOS","SPRITE","250 ML PET","REFRESCOS","LIMA LIMON","PET","INDIVIDUAL","SSD",False,12,"2314",0.52829999999999266,"GASEOSA LOW CAL INDIVIDUAL ","7790895641640","AC9D054933"
"8165","CEPITA ANANA 300*6 PET        ","CEPITA 300 ML NO RETORNABLE","NO RETORNABLE","CATEGORÍAS EN EXPANSIÓN","CEPITA","300 ML PET","CATEGORÍAS EN EXPANSIÓN","ANANA","PET","INDIVIDUAL","RTD",True,6,"3841",0.31699999999822015,"JUGO REGULAR INDIVIDUAL ","7790895641732","A2I3056775"
"8168","CEPITA ANANA 1.5*4 PET        ","CEPITA 1500 ML NO RETORNABLE","NO RETORNABLE","CATEGORÍAS EN EXPANSIÓN","CEPITA","1500 ML PET","CATEGORÍAS EN EXPANSIÓN","ANANA","PET","FAMILIAR","RTD",True,4,"3846",1.0567000000000133,"JUGO REGULAR FAMILIAR ","7790895641749","A2I3054103"
"8167","CEPITA NARANJA 1.5*4 PET      ","CEPITA 1500 ML NO RETORNABLE","NO RETORNABLE","CATEGORÍAS EN EXPANSIÓN","CEPITA","1500 ML PET","CATEGORÍAS EN EXPANSIÓN","NARANJA","PET","FAMILIAR","RTD",True,4,"3845",1.0566999999999911,"JUGO REGULAR FAMILIAR ","7790895641800","A4DG054103"
"8353","SPRITE S/A 375*6 PET          ","SPRITE SIN AZUCAR 375 ML NO RETORNABLE","NO RETORNABLE","REFRESCOS","SPRITE SIN AZUCAR","375 ML PET","REFRESCOS","LIMA LIMON","PET","INDIVIDUAL","SSD",False,6,"2018",0.39630000000004295,"GASEOSA LOW CAL INDIVIDUAL ","7790895641886","ABL705A3SN"
"17031","CEPITA NARANJA S/A 300ML*6PET ","CEPITA 300 ML NO RETORNABLE","NO RETORNABLE","CATEGORÍAS EN EXPANSIÓN","CEPITA","300 ML PET","CATEGORÍAS EN EXPANSIÓN","NARANJA","PET","INDIVIDUAL","RTD",True,6,"3857",0.31700000000000139,"JUGO LOW CAL INDIVIDUAL ","7790895642029","ABFP056775"
"8467","SPRITE SIN AZUCAR 10 L. BIB   ","SPRITE SIN AZUCAR 10000 ML NO RETORNABLE","NO RETORNABLE","REFRESCOS","SPRITE SIN AZUCAR","10000 ML BIB","REFRESCOS","LIMA LIMON","BIB","FAMILIAR","SSD",False,1,"2045",11.271295922486852,"GASEOSA LOW CAL FAMILIAR ","7790895642142","ABL7032457"
"8469","HI-C MANZANA 1,5L*6 PET       ","HI-C 1500 ML NO RETORNABLE","NO RETORNABLE","CATEGORÍAS EN EXPANSIÓN","HI-C","1500 ML PET","CATEGORÍAS EN EXPANSIÓN","MANZANA","PET","FAMILIAR","FW",True,6,"3815",1.5850000000000053,"AGUA SABORIZADA REGULAR FAMILIAR ","7790895642609","AB0H053682"
"8468","HI-C NARANJA 1,5L*6 PET       ","HI-C 1500 ML NO RETORNABLE","NO RETORNABLE","CATEGORÍAS EN EXPANSIÓN","HI-C","1500 ML PET","CATEGORÍAS EN EXPANSIÓN","NARANJA","PET","FAMILIAR","FW",True,6,"3814",1.5849999999999556,"AGUA SABORIZADA REGULAR FAMILIAR ","7790895642616","AB0I053682"
"9963","FANTA NARANJA S/A 375*6PET    ","FANTA SIN AZUCAR 375 ML NO RETORNABLE","NO RETORNABLE","REFRESCOS","FANTA SIN AZUCAR","375 ML PET","REFRESCOS","NARANJA","PET","INDIVIDUAL","SSD",False,6,"1128",0.39630000000003973,"GASEOSA LOW CAL INDIVIDUAL ","7790895642951","ABDK05A3SO"
"8350","FANTA NARANJA S/A 375*12 PET  ","FANTA SIN AZUCAR 375 ML NO RETORNABLE","NO RETORNABLE","REFRESCOS","FANTA SIN AZUCAR","375 ML PET","REFRESCOS","NARANJA","PET","INDIVIDUAL","SSD",False,12,"1116",0.79249999999999354,"GASEOSA LOW CAL INDIVIDUAL ","7790895642951","ABDK05A3RO"
"9937","FANTA NARANJA S/A 600*12PET   ","FANTA SIN AZUCAR 600 ML NO RETORNABLE","NO RETORNABLE","REFRESCOS","FANTA SIN AZUCAR","600 ML PET","REFRESCOS","NARANJA","PET","INDIVIDUAL","SSD",False,12,"1127",1.2680999999999807,"GASEOSA LOW CAL INDIVIDUAL ","7790895642975","ABDK054317"
"9943","FANTA NAR.S/AZUCAR 2.25*6 P   ","FANTA SIN AZUCAR 2250 ML NO RETORNABLE","NO RETORNABLE","REFRESCOS","FANTA SIN AZUCAR","2250 ML PET","REFRESCOS","NARANJA","PET","FAMILIAR","SSD",False,6,"1196",2.3776000000000859,"GASEOSA LOW CAL FAMILIAR ","7790895642999","ABDK053684"
"9965","CRUSH NARANJA 3000*6 PSW      ","CRUSH 3000 ML NO RETORNABLE","NO RETORNABLE","REFRESCOS","CRUSH","3000 ML PET","REFRESCOS","NARANJA","PET","FAMILIAR","SSD",False,6,"3297",3.1701000000001134,"GASEOSA LOW CAL FAMILIAR ","7790895643019","4615050712"
"9966","CRUSH POMELO 3000*6 PSW       ","CRUSH 3000 ML NO RETORNABLE","NO RETORNABLE","REFRESCOS","CRUSH","3000 ML PET","REFRESCOS","POMELO","PET","FAMILIAR","SSD",False,6,"3397",3.1700999999999491,"GASEOSA LOW CAL FAMILIAR ","7790895643026","4614050712"
"3468","CRUSH LIMA-LIMON S/A 3,0*6 PSW","CRUSH 3000 ML NO RETORNABLE","NO RETORNABLE","REFRESCOS","CRUSH","3000 ML PET","REFRESCOS","LIMA LIMON","PET","FAMILIAR","SSD",False,6,"3496",3.1700999999999393,"GASEOSA LOW CAL FAMILIAR ","7790895643033","ACK0050712"
"9964","CRUSH LIMA-LIMON 3,0*6 PSW    ","CRUSH 3000 ML NO RETORNABLE","NO RETORNABLE","REFRESCOS","CRUSH","3000 ML PET","REFRESCOS","LIMA LIMON","PET","FAMILIAR","SSD",False,6,"3497",3.1700999999999788,"GASEOSA LOW CAL FAMILIAR ","7790895643033","4993050712"
"4699","AQUARIUS POMELO 375*6 PET     ","AQUARIUS 375 ML NO RETORNABLE","NO RETORNABLE","CATEGORÍAS EN EXPANSIÓN","AQUARIUS","375 ML PET","CATEGORÍAS EN EXPANSIÓN","POMELO","PET","INDIVIDUAL","FW",True,6,"4292",0.39630000000000304,"AGUA SABORIZADA REGULAR INDIVIDUAL ","7790895643194","A4B905A3SO"
"4700","AQUARIUS PERA 375*6 PET       ","AQUARIUS 375 ML NO RETORNABLE","NO RETORNABLE","CATEGORÍAS EN EXPANSIÓN","AQUARIUS","375 ML PET","CATEGORÍAS EN EXPANSIÓN","PERA","PET","INDIVIDUAL","FW",True,6,"4294",0.39630000000000426,"AGUA SABORIZADA REGULAR INDIVIDUAL ","7790895643231","A4CA05A3SO"
"4701","AQUARIUS NARANJA 375*6 PET    ","AQUARIUS 375 ML NO RETORNABLE","NO RETORNABLE","CATEGORÍAS EN EXPANSIÓN","AQUARIUS","375 ML PET","CATEGORÍAS EN EXPANSIÓN","NARANJA","PET","INDIVIDUAL","FW",True,6,"4298",0.39630000000000309,"AGUA SABORIZADA REGULAR INDIVIDUAL ","7790895643255","A5V105A3SO"
"4109","ADES CHOCOLATE 1.0LTS 8TB NF  ","ADES 1000 ML NO RETORNABLE","NO RETORNABLE","CATEGORÍAS EN EXPANSIÓN","ADES","1000 ML TETRA BRICK","CATEGORÍAS EN EXPANSIÓN","CHOCOLATE","TETRA BRICK","FAMILIAR","BEBIDAS DE SOYA",True,8,"4765",1.4089,"BEBIDAS DE SOYA LACTEOS REGULAR FAMILIAR ","7790895643521","AB8Q056925"
"4108","ADES ALMENDRA 1.0LTS 8TB NF   ","ADES 1000 ML NO RETORNABLE","NO RETORNABLE","CATEGORÍAS EN EXPANSIÓN","ADES","1000 ML TETRA BRICK","CATEGORÍAS EN EXPANSIÓN","ALMENDRA","TETRA BRICK","FAMILIAR","BEBIDAS DE SOYA",True,8,"4764",1.4088999999999998,"BEBIDAS DE SOYA LACTEOS REGULAR FAMILIAR ","7790895643538","AC1X056925"
"4723","SCHWEPPES POMELO S/AZ 375ML*6B","SCHWEPPES SIN AZUCAR 375 ML NO RETORNABLE","NO RETORNABLE","REFRESCOS","SCHWEPPES SIN AZUCAR","375 ML PET","REFRESCOS","POMELO","PET","INDIVIDUAL","SSD",False,6,"3028",0.39629999999999849,"GASEOSA LOW CAL INDIVIDUAL ","7790895643606","AC2005A3SO"
"4736","ADES CHOCOLATE 200ML 4*6TB NF ","ADES 200 ML NO RETORNABLE","NO RETORNABLE","CATEGORÍAS EN EXPANSIÓN","ADES","200 ML TETRA BRICK","CATEGORÍAS EN EXPANSIÓN","CHOCOLATE","TETRA BRICK","INDIVIDUAL","BEBIDAS DE SOYA",True,24,"4757",0.84529999999999306,"BEBIDAS DE SOYA LACTEOS REGULAR INDIVIDUAL ","7790895643613","AB8Q057319"
"9938","FANTA NARANJA S/AZ. 2500*6 PMP","FANTA 2500 ML NO RETORNABLE","NO RETORNABLE","REFRESCOS","FANTA","2500 ML PET","REFRESCOS","NARANJA","PET","FAMILIAR","SSD",False,6,"1181",2.6417000000000028,"GASEOSA LOW CAL FAMILIAR ","7790895643668","ABDK054264"
"4722","KIN SIN GAS 375*12 PET        ","KIN 375 ML NO RETORNABLE","NO RETORNABLE","AGUA PURIFICADA","KIN","375 ML PET","AGUA PURIFICADA","SIN GAS","PET","INDIVIDUAL","PW",True,12,"2616",0.79259999999999686,"AGUA PLENA REGULAR INDIVIDUAL ","7790895643699","168805A3RO"
"17320","AdeS Ananá RCG 200ml Tet 4x6B ","ADES 200 ML NO RETORNABLE","NO RETORNABLE","CATEGORÍAS EN EXPANSIÓN","ADES","200 ML TETRA BRICK","CATEGORÍAS EN EXPANSIÓN","ANANA","TETRA BRICK","INDIVIDUAL","BEBIDAS DE SOYA",True,24,"4498",0.84529999999999994,"BEBIDAS DE SOYA FRUTALES REGULAR INDIVIDUAL ","7790895643712","ADQM056923"
"8386","ADES ANANA 200ML 4*6TB NF     ","ADES 200 ML NO RETORNABLE","NO RETORNABLE","CATEGORÍAS EN EXPANSIÓN","ADES","200 ML TETRA BRICK","CATEGORÍAS EN EXPANSIÓN","ANANA","TETRA BRICK","INDIVIDUAL","BEBIDAS DE SOYA",True,24,"4455",0.84530000000000005,"BEBIDAS DE SOYA FRUTALES REGULAR INDIVIDUAL ","7790895643712","AB8H057319"
"8385","ADES DURAZNO 200ML 4*6TB NF   ","ADES 200 ML NO RETORNABLE","NO RETORNABLE","CATEGORÍAS EN EXPANSIÓN","ADES","200 ML TETRA BRICK","CATEGORÍAS EN EXPANSIÓN","DURAZNO","TETRA BRICK","INDIVIDUAL","BEBIDAS DE SOYA",True,24,"4454",0.84529999999999694,"BEBIDAS DE SOYA FRUTALES REGULAR INDIVIDUAL ","7790895643729","AB8G057319"
"17319","AdeS Durazno RCG 200ml Tet 4x6TB ","ADES 200 ML NO RETORNABLE","NO RETORNABLE","CATEGORÍAS EN EXPANSIÓN","ADES","200 ML TETRA BRICK","CATEGORÍAS EN EXPANSIÓN","DURAZNO","TETRA BRICK","INDIVIDUAL","BEBIDAS DE SOYA",True,24,"4497",0.84529999999999572,"BEBIDAS DE SOYA FRUTALES REGULAR INDIVIDUAL ","7790895643729","ADQL056923"
"17316","AdeS Manzana RCG 200ml Tet 4x6TB","ADES 200 ML NO RETORNABLE","NO RETORNABLE","CATEGORÍAS EN EXPANSIÓN","ADES","200 ML TETRA BRICK","CATEGORÍAS EN EXPANSIÓN","MANZANA","TETRA BRICK","INDIVIDUAL","BEBIDAS DE SOYA",True,24,"4494",0.84530000000001493,"BEBIDAS DE SOYA FRUTALES REGULAR INDIVIDUAL ","7790895643743","ADQJ056923"
"8382","ADES MANZANA 200ML 4*6TB NF   ","ADES 200 ML NO RETORNABLE","NO RETORNABLE","CATEGORÍAS EN EXPANSIÓN","ADES","200 ML TETRA BRICK","CATEGORÍAS EN EXPANSIÓN","MANZANA","TETRA BRICK","INDIVIDUAL","BEBIDAS DE SOYA",True,24,"4451",0.84530000000000804,"BEBIDAS DE SOYA FRUTALES REGULAR INDIVIDUAL ","7790895643743","AB8D057319"
"8383","ADES NARANJA 200ML 4*6TB NF   ","ADES 200 ML NO RETORNABLE","NO RETORNABLE","CATEGORÍAS EN EXPANSIÓN","ADES","200 ML TETRA BRICK","CATEGORÍAS EN EXPANSIÓN","NARANJA","TETRA BRICK","INDIVIDUAL","BEBIDAS DE SOYA",True,24,"4452",0.84529999999999761,"BEBIDAS DE SOYA FRUTALES REGULAR INDIVIDUAL ","7790895643750","AB8F057319"
"17317","AdeS Naranja RCG 200ml Tet 4x6TB ","ADES 200 ML NO RETORNABLE","NO RETORNABLE","CATEGORÍAS EN EXPANSIÓN","ADES","200 ML TETRA BRICK","CATEGORÍAS EN EXPANSIÓN","NARANJA","TETRA BRICK","INDIVIDUAL","BEBIDAS DE SOYA",True,24,"4495",0.84530000000000005,"BEBIDAS DE SOYA FRUTALES REGULAR INDIVIDUAL ","7790895643750","ADQK056923"
"17318","AdeS Frutas Trop RCG 200ml Tet 4x6TB","ADES 200 ML NO RETORNABLE","NO RETORNABLE","CATEGORÍAS EN EXPANSIÓN","ADES","200 ML TETRA BRICK","CATEGORÍAS EN EXPANSIÓN","FRUTAS TROPICALES","TETRA BRICK","INDIVIDUAL","BEBIDAS DE SOYA",True,24,"4496",0.84529999999999295,"BEBIDAS DE SOYA FRUTALES REGULAR INDIVIDUAL ","7790895643767","ADQN056923"
"8384","ADES FR.TROP.200ML 4*6TB NF   ","ADES 200 ML NO RETORNABLE","NO RETORNABLE","CATEGORÍAS EN EXPANSIÓN","ADES","200 ML TETRA BRICK","CATEGORÍAS EN EXPANSIÓN","FRUTAS TROPICALES","TETRA BRICK","INDIVIDUAL","BEBIDAS DE SOYA",True,24,"4453",0.84529999999999483,"BEBIDAS DE SOYA FRUTALES REGULAR INDIVIDUAL ","7790895643767","ABAW057319"
"9701","ADES ANANA 1.0LTS 8TB NF      ","ADES 1000 ML NO RETORNABLE","NO RETORNABLE","CATEGORÍAS EN EXPANSIÓN","ADES","1000 ML TETRA BRICK","CATEGORÍAS EN EXPANSIÓN","ANANA","TETRA BRICK","FAMILIAR","BEBIDAS DE SOYA",True,8,"4475",1.4088999999999934,"BEBIDAS DE SOYA FRUTALES REGULAR FAMILIAR ","7790895643804","AB8H056925"
"17325","AdeS Ananá RCG 1 Ltro. Tetra 8B","ADES 1000 ML NO RETORNABLE","NO RETORNABLE","CATEGORÍAS EN EXPANSIÓN","ADES","1000 ML TETRA BRICK","CATEGORÍAS EN EXPANSIÓN","ANANA","TETRA BRICK","FAMILIAR","BEBIDAS DE SOYA",True,8,"4493",1.4089,"BEBIDAS DE SOYA FRUTALES REGULAR FAMILIAR ","7790895643804","ADQM056925"
"9772","ADES COCO 1.0LTS 8TB NF       ","ADES 1000 ML NO RETORNABLE","NO RETORNABLE","CATEGORÍAS EN EXPANSIÓN","ADES","1000 ML TETRA BRICK","CATEGORÍAS EN EXPANSIÓN","COCO","TETRA BRICK","FAMILIAR","BEBIDAS DE SOYA",True,8,"4461",1.4089,"BEBIDAS DE SOYA LACTEOS REGULAR FAMILIAR ","7790895643811","ABB3056925"
"9700","ADES DURAZNO 1.0LTS 8TB NF    ","ADES 1000 ML NO RETORNABLE","NO RETORNABLE","CATEGORÍAS EN EXPANSIÓN","ADES","1000 ML TETRA BRICK","CATEGORÍAS EN EXPANSIÓN","DURAZNO","TETRA BRICK","FAMILIAR","BEBIDAS DE SOYA",True,8,"4474",1.4088999999999972,"BEBIDAS DE SOYA FRUTALES REGULAR FAMILIAR ","7790895643828","AB8G056925"
"17324","AdeS Durazno RCG 1 Ltro. Tet 8B","ADES 1000 ML NO RETORNABLE","NO RETORNABLE","CATEGORÍAS EN EXPANSIÓN","ADES","1000 ML TETRA BRICK","CATEGORÍAS EN EXPANSIÓN","DURAZNO","TETRA BRICK","FAMILIAR","BEBIDAS DE SOYA",True,8,"4492",1.4088999999999861,"BEBIDAS DE SOYA FRUTALES REGULAR FAMILIAR ","7790895643828","ADQL056925"
"9774","ADES MANZANA 1.0LTS 8TB NF    ","ADES 1000 ML NO RETORNABLE","NO RETORNABLE","CATEGORÍAS EN EXPANSIÓN","ADES","1000 ML TETRA BRICK","CATEGORÍAS EN EXPANSIÓN","MANZANA","TETRA BRICK","FAMILIAR","BEBIDAS DE SOYA",True,8,"4471",1.4089000000000238,"BEBIDAS DE SOYA FRUTALES REGULAR FAMILIAR ","7790895643835","AB8D056925"
"17321","AdeS Manzana RCG 1 Ltro. Tet 8B","ADES 1000 ML NO RETORNABLE","NO RETORNABLE","CATEGORÍAS EN EXPANSIÓN","ADES","1000 ML TETRA BRICK","CATEGORÍAS EN EXPANSIÓN","MANZANA","TETRA BRICK","FAMILIAR","BEBIDAS DE SOYA",True,8,"4499",1.4089000000000054,"BEBIDAS DE SOYA FRUTALES REGULAR FAMILIAR ","7790895643835","ADQJ056925"
"8361","ADES MANZANA 1000*12TB NF     ","ADES 1000 ML NO RETORNABLE","NO RETORNABLE","CATEGORÍAS EN EXPANSIÓN","ADES","1000 ML TETRA BRICK","CATEGORÍAS EN EXPANSIÓN","MANZANA","TETRA BRICK","FAMILIAR","BEBIDAS DE SOYA",True,12,"4411",2.1134000000000279,"BEBIDAS DE SOYA FRUTALES REGULAR FAMILIAR ","7790895643835","AB8D050739"
"17322","AdeS Naranja RCG 1 Ltro. Tetra 8B","ADES 1000 ML NO RETORNABLE","NO RETORNABLE","CATEGORÍAS EN EXPANSIÓN","ADES","1000 ML TETRA BRICK","CATEGORÍAS EN EXPANSIÓN","NARANJA","TETRA BRICK","FAMILIAR","BEBIDAS DE SOYA",True,8,"4490",1.4088999999999949,"BEBIDAS DE SOYA FRUTALES REGULAR FAMILIAR ","7790895643842","ADQK056925"
"9775","ADES NARANJA 1.0LTS 8TB NF    ","ADES 1000 ML NO RETORNABLE","NO RETORNABLE","CATEGORÍAS EN EXPANSIÓN","ADES","1000 ML TETRA BRICK","CATEGORÍAS EN EXPANSIÓN","NARANJA","TETRA BRICK","FAMILIAR","BEBIDAS DE SOYA",True,8,"4472",1.4088999999999965,"BEBIDAS DE SOYA FRUTALES REGULAR FAMILIAR ","7790895643842","AB8F056925"
"9759","ADES NATURAL 1.0LTS 8TB NF    ","ADES 1000 ML NO RETORNABLE","NO RETORNABLE","CATEGORÍAS EN EXPANSIÓN","ADES","1000 ML TETRA BRICK","CATEGORÍAS EN EXPANSIÓN","NATURAL","TETRA BRICK","FAMILIAR","BEBIDAS DE SOYA",True,8,"4460",1.4089,"BEBIDAS DE SOYA LACTEOS REGULAR FAMILIAR ","7790895643859","ABB1056925"
"8363","ADES FR.TROPICAL 1.0*12TB NF  ","ADES 1000 ML NO RETORNABLE","NO RETORNABLE","CATEGORÍAS EN EXPANSIÓN","ADES","1000 ML TETRA BRICK","CATEGORÍAS EN EXPANSIÓN","FRUTAS TROPICALES","TETRA BRICK","FAMILIAR","BEBIDAS DE SOYA",True,12,"4413",2.1134000000000084,"BEBIDAS DE SOYA FRUTALES REGULAR FAMILIAR ","7790895643866","ABAW050739"
"9776","ADES FR.TROPICAL 1.0LTS 8TB NF","ADES 1000 ML NO RETORNABLE","NO RETORNABLE","CATEGORÍAS EN EXPANSIÓN","ADES","1000 ML TETRA BRICK","CATEGORÍAS EN EXPANSIÓN","FRUTAS TROPICALES","TETRA BRICK","FAMILIAR","BEBIDAS DE SOYA",True,8,"4473",1.4088999999999978,"BEBIDAS DE SOYA FRUTALES REGULAR FAMILIAR ","7790895643866","ABAW056925"
"17323","AdeS Frutas Tropicales RCG 1 Ltro TB 8B","ADES 1000 ML NO RETORNABLE","NO RETORNABLE","CATEGORÍAS EN EXPANSIÓN","ADES","1000 ML TETRA BRICK","CATEGORÍAS EN EXPANSIÓN","FRUTAS TROPICALES","TETRA BRICK","FAMILIAR","BEBIDAS DE SOYA",True,8,"4491",1.4089000000000118,"BEBIDAS DE SOYA FRUTALES REGULAR FAMILIAR ","7790895643866","ADQN056925"
"9773","ADES VAINILLA 1.0LTS 8TB NF   ","ADES 1000 ML NO RETORNABLE","NO RETORNABLE","CATEGORÍAS EN EXPANSIÓN","ADES","1000 ML TETRA BRICK","CATEGORÍAS EN EXPANSIÓN","VAINILLA","TETRA BRICK","FAMILIAR","BEBIDAS DE SOYA",True,8,"4462",1.4089,"BEBIDAS DE SOYA LACTEOS REGULAR FAMILIAR ","7790895643873","ABB2056925"
"17023","HI-C FRESH MANZANA 1.5LTS*6   ","HI-C FRESH 1500 ML NO RETORNABLE","NO RETORNABLE","CATEGORÍAS EN EXPANSIÓN","HI-C FRESH","1500 ML PET","CATEGORÍAS EN EXPANSIÓN","MANZANA","PET","FAMILIAR","FW",True,6,"3817",1.5850000000000113,"AGUA SABORIZADA REGULAR FAMILIAR ","7790895644245","ACI2053682"
"17022","HI-C FRESH NARANJA 1.5LTS*6   ","HI-C FRESH 1500 ML NO RETORNABLE","NO RETORNABLE","CATEGORÍAS EN EXPANSIÓN","HI-C FRESH","1500 ML PET","CATEGORÍAS EN EXPANSIÓN","NARANJA","PET","FAMILIAR","FW",True,6,"3816",1.5850000000000131,"AGUA SABORIZADA REGULAR FAMILIAR ","7790895644252","ACI3053682"
"17024","HI-C FRESH POMELO 1.5LTS*6B   ","HI-C FRESH 1500 ML NO RETORNABLE","NO RETORNABLE","CATEGORÍAS EN EXPANSIÓN","HI-C FRESH","1500 ML PET","CATEGORÍAS EN EXPANSIÓN","POMELO","PET","FAMILIAR","FW",True,6,"3818",1.5850000000000102,"AGUA SABORIZADA REGULAR FAMILIAR ","7790895644269","ACI1053682"
"17267","CRUSH MANZANA SA 3.0L*6B PET  ","CRUSH 3000 ML NO RETORNABLE","NO RETORNABLE","REFRESCOS","CRUSH","3000 ML PET","REFRESCOS","MANZANA","PET","FAMILIAR","SSD",False,6,"3596",3.1700999999999842,"GASEOSA LOW CAL FAMILIAR ","7790895644320","A9YS050712"
"4331","CRUSH MANZANA 3,0*6 PSW       ","CRUSH 3000 ML NO RETORNABLE","NO RETORNABLE","REFRESCOS","CRUSH","3000 ML PET","REFRESCOS","MANZANA","PET","FAMILIAR","SSD",False,6,"3597",3.1700999999999788,"GASEOSA LOW CAL FAMILIAR ","7790895644320","4600050712"
"4127","FANTA NARANJA S/A 250ML 12PET ","FANTA SIN AZUCAR 250 ML NO RETORNABLE","NO RETORNABLE","REFRESCOS","FANTA SIN AZUCAR","250 ML PET","REFRESCOS","NARANJA","PET","INDIVIDUAL","SSD",False,12,"1182",0.52829999999999511,"GASEOSA LOW CAL INDIVIDUAL ","7790895644498","ABDK055589"
"17017","KIN SIN GAS 250ML 12PET       ","KIN 250 ML NO RETORNABLE","NO RETORNABLE","AGUA PURIFICADA","KIN","250 ML PET","AGUA PURIFICADA","SIN GAS","PET","INDIVIDUAL","PW",True,12,"2605",0.5283000000000011,"AGUA PLENA REGULAR INDIVIDUAL ","7790895644559","1688053990"
"17001","AQUARIUS MARACUYA 1.5*6P      ","AQUARIUS 1500 ML NO RETORNABLE","NO RETORNABLE","CATEGORÍAS EN EXPANSIÓN","AQUARIUS","1500 ML PET","CATEGORÍAS EN EXPANSIÓN","MARACUYA","PET","FAMILIAR","FW",True,6,"4278",1.585,"AGUA SABORIZADA REGULAR FAMILIAR ","7790895644580","ACJX052085"
"17030","CEPITA MANZANA S/A 300ML*6PET ","CEPITA 300 ML NO RETORNABLE","NO RETORNABLE","CATEGORÍAS EN EXPANSIÓN","CEPITA","300 ML PET","CATEGORÍAS EN EXPANSIÓN","MANZANA","PET","INDIVIDUAL","RTD",True,6,"3856",0.317,"JUGO LOW CAL INDIVIDUAL ","7790895644962","ACN2056775"
"17010","AQUARIUS MANZANA S/A 200*24TB ","AQUARIUS 200 ML NO RETORNABLE","NO RETORNABLE","CATEGORÍAS EN EXPANSIÓN","AQUARIUS","200 ML TETRA BRICK","CATEGORÍAS EN EXPANSIÓN","MANZANA","TETRA BRICK","INDIVIDUAL","FW",True,24,"4331",0.84530000000000005,"AGUA SABORIZADA LOW CAL INDIVIDUAL ","7790895645181","A4CB056923"
"17016","AQUARIUS NARANJA S/A 200*24TB ","AQUARIUS 200 ML NO RETORNABLE","NO RETORNABLE","CATEGORÍAS EN EXPANSIÓN","AQUARIUS","200 ML TETRA BRICK","CATEGORÍAS EN EXPANSIÓN","NARANJA","TETRA BRICK","INDIVIDUAL","FW",True,24,"4330",0.84530000000000005,"AGUA SABORIZADA LOW CAL INDIVIDUAL ","7790895645211","A5V1056923"
"17006","ADES FRUTILLA 1.0LTS 8TB      ","ADES 1000 ML NO RETORNABLE","NO RETORNABLE","CATEGORÍAS EN EXPANSIÓN","ADES","1000 ML TETRA BRICK","CATEGORÍAS EN EXPANSIÓN","FRUTILLA","TETRA BRICK","FAMILIAR","BEBIDAS DE SOYA",True,8,"4768",1.4089,"BEBIDAS DE SOYA LACTEOS REGULAR FAMILIAR ","7790895645280","AB8K055136"
"17008","ADES FRUTILLA 200ML 4*6TB     ","ADES 200 ML NO RETORNABLE","NO RETORNABLE","CATEGORÍAS EN EXPANSIÓN","ADES","200 ML TETRA BRICK","CATEGORÍAS EN EXPANSIÓN","FRUTILLA","TETRA BRICK","INDIVIDUAL","BEBIDAS DE SOYA",True,24,"4758",0.84530000000000449,"BEBIDAS DE SOYA LACTEOS REGULAR INDIVIDUAL ","7790895645297","AB8K052598"
"17021","LIMON & NADA 2.0L NR PET 6B   ","&NADA 2000 ML NO RETORNABLE","NO RETORNABLE","REFRESCOS","&NADA","2000 ML PET","REFRESCOS","LIMON","PET","FAMILIAR","SSD",False,6,"3193",2.1134000000000475,"GASEOSA REGULAR FAMILIAR ","7790895645327","AAW0050092"
"17019","NARANJA & NADA 2.0L NR PET 6B ","&NADA 2000 ML NO RETORNABLE","NO RETORNABLE","REFRESCOS","&NADA","2000 ML PET","REFRESCOS","NARANJA","PET","FAMILIAR","SSD",False,6,"3191",2.1134000000000581,"GASEOSA REGULAR FAMILIAR ","7790895645341","AAVZ053686"
"17080","ADES VAINILLA 200ML 4*6TB     ","ADES 200 ML NO RETORNABLE","NO RETORNABLE","CATEGORÍAS EN EXPANSIÓN","ADES","200 ML TETRA BRICK","CATEGORÍAS EN EXPANSIÓN","VAINILLA","TETRA BRICK","INDIVIDUAL","BEBIDAS DE SOYA",True,24,"4759",0.84530000000000005,"BEBIDAS DE SOYA LACTEOS REGULAR INDIVIDUAL ","7790895645624","ABB205A3WT"
"17015","CRUSH MANZANA 375ML 12PET     ","CRUSH 375 ML NO RETORNABLE","NO RETORNABLE","REFRESCOS","CRUSH","375 ML PET","REFRESCOS","MANZANA","PET","INDIVIDUAL","SSD",False,12,"3516",0.79250000000000309,"GASEOSA REGULAR INDIVIDUAL ","7790895646034","460005A3RO"
"17060","NARANJA & NADA 375ML NR 6 PET ","&NADA 375 ML NO RETORNABLE","NO RETORNABLE","REFRESCOS","&NADA","375 ML PET","REFRESCOS","NARANJA","PET","INDIVIDUAL","SSD",False,6,"3196",0.39629999999999721,"GASEOSA REGULAR INDIVIDUAL ","7790895646324","AAVZ05A3SO"
"17061","LIMON & NADA 375ML NR 6 PET   ","&NADA 375 ML NO RETORNABLE","NO RETORNABLE","REFRESCOS","&NADA","375 ML PET","REFRESCOS","LIMON","PET","INDIVIDUAL","SSD",False,6,"3197",0.39629999999999743,"GASEOSA REGULAR INDIVIDUAL ","7790895646331","AAW005A3SO"
"17395","COCA COLA C/CAFE LTA 220ML","COCA COLA CAFÉ 220 ML NO RETORNABLE","NO RETORNABLE","REFRESCOS","COCA COLA CAFÉ","220 ML LATA","REFRESCOS","CAFÉ","LATA","INDIVIDUAL","SSD",False,6,"176",0.23000000000000001,"GASEOSA REGULAR INDIVIDUAL ","7790895646355","ACW605A39A"
"17302","CEPITA NARANJA 25% 1000*06TB  ","CEPITA 1000 ML NO RETORNABLE","NO RETORNABLE","CATEGORÍAS EN EXPANSIÓN","CEPITA","1000 ML TETRA BRICK","CATEGORÍAS EN EXPANSIÓN","NARANJA","TETRA BRICK","FAMILIAR","RTD",True,6,"3997",1.0566999999999993,"JUGO REGULAR FAMILIAR ","7790895646560","A4DG052498 "
"17302","CEPITA NARANJA 25% 1000*06TB","CEPITA 1000 ML NO RETORNABLE","NO RETORNABLE","CATEGORÍAS EN EXPANSIÓN","CEPITA","1000 ML TETRA BRICK","CATEGORÍAS EN EXPANSIÓN","NARANJA","TETRA BRICK","FAMILIAR","RTD",True,6,"3997",1.0566999999999993,"JUGO REGULAR FAMILIAR ","7790895646560","A4DG052498"
"17095","AQUARIUS NARANJA 2.0L RPET 8B ","AQUARIUS 2000 ML RETORNABLE","RETORNABLE","CATEGORÍAS EN EXPANSIÓN","AQUARIUS","2000 ML RET PET","CATEGORÍAS EN EXPANSIÓN","NARANJA","RET PET","FAMILIAR","FW",True,8,"4245",2.8179000000000065,"AGUA SABORIZADA REGULAR FAMILIAR RETORNABLE","7790895646607","A5V1054377"
"17097","AQUARIUS POMELO 2.0L RPET 8B  ","AQUARIUS 2000 ML RETORNABLE","RETORNABLE","CATEGORÍAS EN EXPANSIÓN","AQUARIUS","2000 ML RET PET","CATEGORÍAS EN EXPANSIÓN","POMELO","RET PET","FAMILIAR","FW",True,8,"4247",2.8178999999999998,"AGUA SABORIZADA REGULAR FAMILIAR RETORNABLE","7790895646621","A4B9054377"
"17258","AQUARIUS PERA 2.0L RPET 8B    ","AQUARIUS 2000 ML RETORNABLE","RETORNABLE","CATEGORÍAS EN EXPANSIÓN","AQUARIUS","2000 ML RET PET","CATEGORÍAS EN EXPANSIÓN","PERA","RET PET","FAMILIAR","FW",True,8,"4248",2.8179000000000043,"AGUA SABORIZADA REGULAR FAMILIAR RETORNABLE","7790895646638","A4CA054377"
"17268","CEPITA FRESH NARANJA 1.5L 6PET","CEPITA FRESH 1500 ML NO RETORNABLE","NO RETORNABLE","CATEGORÍAS EN EXPANSIÓN","CEPITA FRESH","1500 ML PET","CATEGORÍAS EN EXPANSIÓN","NARANJA","PET","FAMILIAR","RTD",True,6,"3835",1.5849999999999922,"JUGO LOW CAL FAMILIAR ","7790895646737","ADDB053682"
"17269","CEPITA FRESH POMELO 1.5L 6PET ","CEPITA FRESH 1500 ML NO RETORNABLE","NO RETORNABLE","CATEGORÍAS EN EXPANSIÓN","CEPITA FRESH","1500 ML PET","CATEGORÍAS EN EXPANSIÓN","POMELO","PET","FAMILIAR","RTD",True,6,"3836",1.5849999999999922,"JUGO LOW CAL FAMILIAR ","7790895646775","ADDC053682"
"17298","CEPITA MANZANA 25% 1000*06TB  ","CEPITA 1000 ML NO RETORNABLE","NO RETORNABLE","CATEGORÍAS EN EXPANSIÓN","CEPITA","1000 ML TETRA BRICK","CATEGORÍAS EN EXPANSIÓN","MANZANA","TETRA BRICK","FAMILIAR","RTD",True,6,"3993",1.0567,"JUGO REGULAR FAMILIAR ","7790895647017","A8KC052497"
"17299","CEPITA MANZANA 25% 200*24TBR","CEPITA 200 ML NO RETORNABLE","NO RETORNABLE","CATEGORÍAS EN EXPANSIÓN","CEPITA","200 ML TETRA BRICK","CATEGORÍAS EN EXPANSIÓN","MANZANA","TETRA BRICK","INDIVIDUAL","RTD",True,24,"3994",0.84540000000000215,"JUGO REGULAR INDIVIDUAL ","7790895647024","A8KC056923"
"7613","FANTA MANZANA 2L*8 RPET       ","FANTA 2000 ML RETORNABLE","RETORNABLE","REFRESCOS","FANTA","2000 ML RET PET","REFRESCOS","MANZANA","RET PET","FAMILIAR","SSD",False,8,"1525",2.8179000000000118,"GASEOSA REGULAR FAMILIAR RETORNABLE","7790895647093","0202052151"
"17273","FANTA MANZANA 250ML 12PET     ","FANTA 250 ML NO RETORNABLE","NO RETORNABLE","REFRESCOS","FANTA","250 ML PET","REFRESCOS","MANZANA","PET","INDIVIDUAL","SSD",False,12,"1582",0.52829999999999699,"GASEOSA REGULAR INDIVIDUAL ","7790895647116","0202053990"
"17300","CEPITA MULTIF. 25% 1000*06TB  ","CEPITA 1000 ML NO RETORNABLE","NO RETORNABLE","CATEGORÍAS EN EXPANSIÓN","CEPITA","1000 ML TETRA BRICK","CATEGORÍAS EN EXPANSIÓN","MULTI FRUTAS","TETRA BRICK","FAMILIAR","RTD",True,6,"3995",1.0566999999999993,"JUGO REGULAR FAMILIAR ","7790895647123","A5BY052497"
"17301","CEPITA MULTIFRUTA 25% 200*24","CEPITA 200 ML NO RETORNABLE","NO RETORNABLE","CATEGORÍAS EN EXPANSIÓN","CEPITA","200 ML TETRA BRICK","CATEGORÍAS EN EXPANSIÓN","MULTI FRUTAS","TETRA BRICK","INDIVIDUAL","RTD",True,24,"3996",0.84539999907925401,"JUGO REGULAR INDIVIDUAL ","7790895647130","A5BY051395"
"17332","COCA-COLA CAFE 250ML NR PET 12","COCA COLA CAFÉ 250 ML NO RETORNABLE","NO RETORNABLE","REFRESCOS","COCA COLA CAFÉ","250 ML PET","REFRESCOS","CAFÉ","PET","INDIVIDUAL","SSD",False,12,"185",0.528299999999994,"GASEOSA LOW CAL INDIVIDUAL ","7790895647185","ACW6054636"
"17291","FANTA NARANJA 250*12 PET","FANTA 250 ML NO RETORNABLE","NO RETORNABLE","REFRESCOS","FANTA","250 ML PET","REFRESCOS","NARANJA","PET","INDIVIDUAL","SSD",False,12,"1126",0.52829999999999999,"GASEOSA REGULAR INDIVIDUAL ","7790895647260","0232059365"
"17398","Fanta Misterio 500 ml NR Pet 12B","FANTA 500 ML NO RETORNABLE","NO RETORNABLE","REFRESCOS","FANTA","500 ML PET","REFRESCOS","MISTERIO","PET","INDIVIDUAL","SSD",False,12,"1701",1.0566999999816697,"GASEOSA REGULAR INDIVIDUAL ","7790895647277","AELS052073"
"17352","AdeS Almendra c/vainilla 1 Ltro. Tetra 8B","ADES 1000 ML NO RETORNABLE","NO RETORNABLE","CATEGORÍAS EN EXPANSIÓN","ADES","1000 ML TETRA BRICK","CATEGORÍAS EN EXPANSIÓN","ALMENDRA","TETRA BRICK","FAMILIAR","BEBIDAS DE SOYA",True,8,"4766",1.4089,"BEBIDAS DE SOYA LACTEOS REGULAR FAMILIAR ","7790895647307","AC2V056925"
"17333","CEPITA FRESH NARANJA 500*12PET","CEPITA FRESH 500 ML NO RETORNABLE","NO RETORNABLE","CATEGORÍAS EN EXPANSIÓN","CEPITA FRESH","500 ML PET","CATEGORÍAS EN EXPANSIÓN","NARANJA","PET","INDIVIDUAL","RTD",True,12,"3819",1.0567000000000077,"JUGO REGULAR INDIVIDUAL ","7790895647369","ADDB053702"
"17334","CEPITA FRESH POMELO 500*12PET","CEPITA FRESH 500 ML NO RETORNABLE","NO RETORNABLE","CATEGORÍAS EN EXPANSIÓN","CEPITA FRESH","500 ML PET","CATEGORÍAS EN EXPANSIÓN","POMELO","PET","INDIVIDUAL","RTD",True,12,"3820",1.0566999999999973,"JUGO LOW CAL INDIVIDUAL ","7790895647376","ADDC053702"
"17353","AdeS Almendra Sin Azúcar 1 Ltro. Tetra 8B","ADES 1000 ML NO RETORNABLE","NO RETORNABLE","CATEGORÍAS EN EXPANSIÓN","ADES","1000 ML TETRA BRICK","CATEGORÍAS EN EXPANSIÓN","ALMENDRA","TETRA BRICK","FAMILIAR","BEBIDAS DE SOYA",True,8,"4767",1.4089,"BEBIDAS DE SOYA LACTEOS REGULAR FAMILIAR ","7790895647550","ADES056925"
"17305","AGUA DE MESA AYBAL 2000*6","BENEDICTINO 2000 ML NO RETORNABLE","NO RETORNABLE","AGUA PURIFICADA","BENEDICTINO","2000 ML PET","AGUA PURIFICADA","SIN GAS","PET","FAMILIAR","PW",True,6,"2822",2.1134000000000053,"AGUA PLENA REGULAR FAMILIAR ","7790895647703","7228050092"
"17367","BENEDICTINO SIN GAS 2000*6 PET","BENEDICTINO 2000 ML NO RETORNABLE","NO RETORNABLE","AGUA PURIFICADA","BENEDICTINO","2000 ML PET","AGUA PURIFICADA","SIN GAS","PET","FAMILIAR","PW",True,6,"2682",2.1134000000000026,"AGUA PLENA REGULAR FAMILIAR ","7790895647703","A4CO050092"
"7677","KIN SIN GAS 2000*6 PET        ","BENEDICTINO 2000 ML NO RETORNABLE","NO RETORNABLE","AGUA PURIFICADA","BENEDICTINO","2000 ML PET","AGUA PURIFICADA","SIN GAS","PET","FAMILIAR","PW",True,6,"2667",2.1133999999154076,"AGUA PLENA REGULAR FAMILIAR ","7790895647703","1688053686"
"7690","SODA AYBAL 2000*6 PSW         ","BENEDICTINO 2000 ML NO RETORNABLE","NO RETORNABLE","AGUA PURIFICADA","BENEDICTINO","2000 ML PET","AGUA PURIFICADA","CON GAS","PET","FAMILIAR","PW",False,6,"2804",2.1133999999790474,"AGUA PLENA REGULAR FAMILIAR ","7790895647710","5569050092"
"17364","SODA BENEDICTINO 2000*6","BENEDICTINO 2000 ML NO RETORNABLE","NO RETORNABLE","AGUA PURIFICADA","BENEDICTINO","2000 ML PET","AGUA PURIFICADA","CON GAS","PET","FAMILIAR","PW",False,6,"2783",2.1133999999999999,"AGUA PLENA REGULAR FAMILIAR ","7790895647710","A4CQ050092"
"17366","BENEDICTINO SIN GAS 600*12 PET","BENEDICTINO 600 ML NO RETORNABLE","NO RETORNABLE","AGUA PURIFICADA","BENEDICTINO","600 ML PET","AGUA PURIFICADA","SIN GAS","PET","INDIVIDUAL","PW",True,12,"2681",1.2680000000000076,"AGUA PLENA REGULAR INDIVIDUAL ","7790895647741","A4CO054317"
"17362","BENEDICTINO C/G 600*12 PET","BENEDICTINO 600 ML NO RETORNABLE","NO RETORNABLE","AGUA PURIFICADA","BENEDICTINO","600 ML PET","AGUA PURIFICADA","CON GAS","PET","INDIVIDUAL","PW",True,12,"2781",1.268,"AGUA PLENA REGULAR INDIVIDUAL ","7790895647758","A4CP054317"
"4951","KIN CON GAS 600*12 PET        ","BENEDICTINO 600 ML NO RETORNABLE","NO RETORNABLE","AGUA PURIFICADA","BENEDICTINO","600 ML PET","AGUA PURIFICADA","CON GAS","PET","INDIVIDUAL","PW",True,12,"2708",1.2680000000000042,"AGUA PLENA REGULAR INDIVIDUAL ","7790895647758","2420054317"
"4950","KIN SIN GAS 600*12 PET        ","BENEDICTINO 600 ML NO RETORNABLE","NO RETORNABLE","AGUA PURIFICADA","BENEDICTINO","600 ML PET","AGUA PURIFICADA","CON GAS","PET","INDIVIDUAL","PW",True,12,"2608",1.2680000000000087,"AGUA PLENA REGULAR INDIVIDUAL ","7790895647758","1688054317"
"8294","KIN SIN GAS 6.25LTS PET       ","BENEDICTINO 6250 ML NO RETORNABLE","NO RETORNABLE","AGUA PURIFICADA","BENEDICTINO","6250 ML PET","AGUA PURIFICADA","SIN GAS","PET","FAMILIAR","PW",True,1,"2671",1.1007000000000311,"AGUA PLENA REGULAR FAMILIAR ","7790895647789","168805A35I"
"17368","BENEDICTINO SIN GAS 6.25LTS PE","BENEDICTINO 6250 ML NO RETORNABLE","NO RETORNABLE","AGUA PURIFICADA","BENEDICTINO","6250 ML PET","AGUA PURIFICADA","SIN GAS","PET","FAMILIAR","PW",True,1,"2683",1.1007,"AGUA PLENA REGULAR FAMILIAR ","7790895647789","A4CO05A35I"
"17363","SIFON SODA BENEDICTINO 2000*6P","BENEDICTINO 2000 ML NO RETORNABLE","NO RETORNABLE","AGUA PURIFICADA","BENEDICTINO","2000 ML SIFON","AGUA PURIFICADA","CON GAS","SIFON","FAMILIAR","PW",False,6,"2782",2.1134000000000066,"AGUA PLENA REGULAR FAMILIAR ","7790895647796","A4CQ053686"
"9978","SIFON SODA AYBAL 2000*6PET    ","BENEDICTINO 2000 ML NO RETORNABLE","NO RETORNABLE","AGUA PURIFICADA","BENEDICTINO","2000 ML SIFON","AGUA PURIFICADA","CON GAS","SIFON","FAMILIAR","PW",False,6,"2821",2.1133999999999933,"AGUA PLENA REGULAR FAMILIAR ","7790895647796","5569053686"
"17359","CEPITA FRESH NARANJA 2.0L RP","CEPITA FRESH 2000 ML RETORNABLE","RETORNABLE","CATEGORÍAS EN EXPANSIÓN","CEPITA FRESH","2000 ML RET PET","CATEGORÍAS EN EXPANSIÓN","NARANJA","RET PET","FAMILIAR","RTD",True,8,"3831",2.8179000000000065,"JUGO LOW CAL FAMILIAR RETORNABLE","7790895647802","ADDB052151"
"17360","CEPITA FRESH POMELO 2.0L RP","CEPITA FRESH 2000 ML RETORNABLE","RETORNABLE","CATEGORÍAS EN EXPANSIÓN","CEPITA FRESH","2000 ML RET PET","CATEGORÍAS EN EXPANSIÓN","POMELO","RET PET","FAMILIAR","RTD",True,8,"3832",2.8178999999999998,"JUGO LOW CAL FAMILIAR RETORNABLE","7790895647819","ADDC052151"
"17371","FANTA POMELO 2500*6 PMP","FANTA 2500 ML NO RETORNABLE","NO RETORNABLE","REFRESCOS","FANTA","2500 ML PET","REFRESCOS","POMELO","PET","FAMILIAR","SSD",False,6,"1289",2.6417000000000197,"GASEOSA REGULAR FAMILIAR ","7790895647925","5486054264"
"17372","FANTA MANZANA 2500*6 PMP","FANTA 2500 ML NO RETORNABLE","NO RETORNABLE","REFRESCOS","FANTA","2500 ML PET","REFRESCOS","MANZANA","PET","FAMILIAR","SSD",False,6,"1589",2.6417000000000157,"GASEOSA REGULAR FAMILIAR ","7790895647963","0202052102"
"17382","COCA COLA S/AZUC BYTE 473ML*6L","COCA COLA SIN AZUCAR 473 ML NO RETORNABLE","NO RETORNABLE","REFRESCOS","COCA COLA SIN AZUCAR","473 ML LATA","REFRESCOS","COLA","LATA","INDIVIDUAL","SSD",False,6,"674",0.5,"GASEOSA LOW CAL INDIVIDUAL ","7790895648175","AEW1054476"
"17387","SCHWEPPES TONICA 375*6 PET","SCHWEPPES 375 ML NO RETORNABLE","NO RETORNABLE","REFRESCOS","SCHWEPPES","375 ML PET","REFRESCOS","TONICA","PET","INDIVIDUAL","SSD",False,6,"3174",0.39630000000000309,"GASEOSA REGULAR INDIVIDUAL ","7790895648342","471505A4EJ"
"17384","FANTA LIMON DULCE 250*12 PET","FANTA 250 ML NO RETORNABLE","NO RETORNABLE","REFRESCOS","FANTA","250 ML PET","REFRESCOS","LIMON","PET","INDIVIDUAL","SSD",False,12,"1420",0.53000000000000003,"GASEOSA REGULAR INDIVIDUAL ","7790895648373","1564055589"
"17383","CEPITA FRESH NARANJA 250*12PET","CEPITA FRESH 250 ML NO RETORNABLE","NO RETORNABLE","CATEGORÍAS EN EXPANSIÓN","CEPITA FRESH","250 ML PET","CATEGORÍAS EN EXPANSIÓN","NARANJA","PET","INDIVIDUAL","RTD",True,12,"3829",0.53000000000000003,"JUGO REGULAR INDIVIDUAL ","7790895648397","ADDB053990"
"17389","AQUARIUS POM.ROSADO 2.0LRP 8B","AQUARIUS 2000 ML RETORNABLE","RETORNABLE","CATEGORÍAS EN EXPANSIÓN","AQUARIUS","2000 ML RET PET","CATEGORÍAS EN EXPANSIÓN","POMELO ROSADO","RET PET","FAMILIAR","FW",True,8,"4249",2.8179000000000118,"AGUA SABORIZADA REGULAR FAMILIAR RETORNABLE","7790895648410","A68L052151"
"17391","COCA-COLA MARSHMELLO 473ML","COCA COLA SIN AZUCAR 473 ML NO RETORNABLE","NO RETORNABLE","REFRESCOS","COCA COLA SIN AZUCAR","473 ML LATA","REFRESCOS","COLA","LATA","INDIVIDUAL","SSD",False,12,"6748",0.5,"GASEOSA LOW CAL INDIVIDUAL ","7790895648489","AEYP054476"
"17394","Benedictino s/gas 3 Lts. NR Pet 6B","BENEDICTINO 3000 ML NO RETORNABLE","NO RETORNABLE","AGUA PURIFICADA","BENEDICTINO","3000 ML PET","AGUA PURIFICADA","SIN GAS","PET","FAMILIAR","PW",True,6,"2684",3.1701000000161725,"AGUA PLENA REGULAR FAMILIAR ","7790895648564","A4CO050039"
